广州医科大学附属第一医院,多学科-减重门诊(沿江),陈劲松,主治医师,1,中西医结合治疗肥胖症，体重异常，生理及病理性肥胖症。
广州医科大学附属第一医院,多学科-减重门诊(沿江),闫凤,主治医师,0,"从事营养科工作，擅长肠内营养支持及治疗,膳食营养指导,中药,中医减肥,埋线减肥,肥胖症的诊治。"
广州医科大学附属第一医院,呼吸科门诊(沿江) ,张筱娴,主治医师,0,"擅长咳嗽,急性支气管炎,慢性支气管炎,肺炎,哮喘,肺脓肿,肺水肿,肺气肿,肺栓塞,呼吸衰竭,支气管扩张的诊治。"
广州医科大学附属第一医院,呼吸科门诊(沿江) ,鲜墨,主治医师,0,从事呼吸变态反应疾病，擅长慢阻肺、哮喘、肺炎、支气管扩张、过敏性鼻炎及各种过敏性疾病。
广州医科大学附属第一医院,呼吸科门诊(沿江) ,李玉华,住院医师,0,"从事呼吸内科工作，擅长急性支气管炎,慢性支气管炎,肺炎,哮喘,慢性阻塞性肺疾病,肺心病,呼吸衰竭,支气管扩张,间质性肺炎的诊治。"
广州医科大学附属第一医院,呼吸科门诊(沿江) ,杨新艳*,副主任医师,0,擅长慢阻肺、肺心病、支气管哮喘、支气管扩张、肺部感染、慢性咳嗽、尼古丁依赖症等呼吸内科常见病及疑难病例的诊治。
广州医科大学附属第一医院,呼吸科门诊(沿江) ,杨劲松,主治医师,0,"擅长咳嗽,急性支气管炎,慢性支气管炎,肺炎,肺结核,肺气肿,支气管扩张,间质性肺炎的诊治。"
广州医科大学附属第一医院,呼吸科门诊(沿江) ,王健**,主任医师,1,擅长肺动脉高压的诊断和治疗，首次发现西地那非治疗肺动脉高压的新机理，率先开展中药治疗肺动脉高压的新药研究。研究方向主要是低氧肺动脉高压的发病机理。
广州医科大学附属第一医院,呼吸科门诊(沿江) ,钟淑卿**,主任医师,0,呼吸系统的常见病、多发病；肺科少见病，呼吸衰竭包括急性呼吸窘迫综合症；危重症监护和抢救；感染性肺部疾病、肺结核等的诊断治疗及抗菌药物临床应用有较深的认识和体会。
广州医科大学附属第一医院,呼吸科门诊(沿江) ,罗远明**,主任医师,1,"呼吸内科教授，擅长呼吸系统疾病，咳嗽,慢性支气管炎,肺炎,哮喘,呼吸衰竭，特别是睡眠呼吸疾病及呼吸肌肉疾病和慢性阻塞性肺疾病。   "
广州医科大学附属第一医院,呼研所小儿呼吸专科(沿江),黄顺开,主治医师,1,儿童呼吸系统疾病尤其是小儿反复气喘、慢性咳嗽、反复流涕、打喷嚏和鼻塞及夜睡打鼾等呼吸系统病症的诊治
广州医科大学附属第一医院,呼研所小儿呼吸专科(沿江),孙丽红*,主任医师,0,儿童呼吸系统疾病尤其是小儿反复气喘、慢性咳嗽、反复流涕、打喷嚏和鼻塞及夜睡打鼾等呼吸系统病症的诊治
广州医科大学附属第一医院,呼研所小儿呼吸专科(沿江),秦旭,住院医师,0,儿童睡眠呼吸呼吸暂停综合征（夜间打鼾、憋气）、儿童哮喘 、儿童咳嗽、反复呼吸道感染等呼吸系统疾病
广州医科大学附属第一医院,多学科-戒烟门诊(沿江),汤彦**,主任医师,0,吸烟及吸烟相关性疾病及其治疗，支气管哮喘，慢性咳嗽，慢性阻塞性肺疾病，支气管扩张症及急慢性呼吸功能不全。
广州医科大学附属第一医院,多学科-戒烟门诊(沿江),杨新艳*,副主任医师,0,擅长慢阻肺、肺心病、支气管哮喘、支气管扩张、肺部感染、慢性咳嗽、尼古丁依赖症等呼吸内科常见病及疑难病例的诊治。
广州医科大学附属第一医院,胸部肿瘤专科(沿江),杨海虹*,副主任医师,0,胸外科临床工作多年，实体肿瘤化疗，尤其对胸部肿瘤，包括肺癌、食管癌、淋巴瘤、软组织肉瘤等的诊治；对晚期肺癌的综合治疗有独到经验。
广州医科大学附属第一医院,胸部肿瘤专科(沿江),张亚雷,副主任医师,1,擅长肺癌、胃肠道肿瘤、乳腺癌、软组织肉瘤、胸膜间皮瘤等化疗、靶向治疗及生物治疗，通过对化疗、放疗、靶向治疗及生物治疗等治疗手段的综合运用，患者达到长期的高质量的生存。
广州医科大学附属第一医院,胸外专科(沿江),何建行***,主任医师,1,院长，胸外科主任	教授，博士，博士研究生导师，擅长胸外科肺部肿瘤的早期诊断与治疗、晚期慢性阻塞性肺部疾病的治疗。
广州医科大学附属第一医院,胸外专科(沿江),邱源*,副主任医师,1,肺癌的微创手术诊治及个体化综合治疗、肺癌分子靶点检测指导个体化治疗及其判断预后、肺大疱、纵隔肿瘤、食管癌、漏斗胸等胸外科其他疾病的微创诊治。
广州医科大学附属第一医院,胸外专科(沿江),杨运有**,主任医师,1,擅长气管成形术、心包内处理血管肺切除术、高龄病人高难度肺手术及胸腔镜手术，食道癌，纵隔肿瘤等的诊治。
广州医科大学附属第一医院,胸外专科(沿江),吴哲凡**,主任医师,1,"气管肺外科手术及肺癌手术，擅长肺不张,肺栓塞,肺癌,纵膈肿瘤,食道癌,食道平滑肌瘤,食道破裂,气管肿瘤,支气管扩张的诊治。   "
广州医科大学附属第一医院,胸外专科(沿江),韦兵*,副主任医师,1,微创伤治疗肺癌，支气管扩张、肺大疱及肺气肿等肺疾病，对纵隔肿瘤及食管疾病也有较丰富得临床实践经验。
广州医科大学附属第一医院,胸外专科(沿江),陈汉章**,主任医师,1,擅长肺癌、食管癌的根治手术治疗，气管、隆突、支气管成形等高难手术及胸腔镜手术治疗。
广州医科大学附属第一医院,胸外专科(沿江),杨德康**,主任医师,1,擅长肺癌、气管肿瘤、食管癌、纵隔肿瘤、支气管扩张症、肺大疱症、气胸、胸积液、胸外伤等胸部各类疑难疾病和常见病的诊断治疗。  
广州医科大学附属第一医院,胸外专科(沿江),殷伟强**,主任医师,1,擅长肺癌、气胸、肺大泡、肺良性肿瘤、纵隔肿瘤以及食管癌等胸外科常见疾病的诊断与治疗技术，胸外科微创手术、肺肿瘤射频手术。 
广州医科大学附属第一医院,心血管专科(沿江),曾智*,副主任医师,1,心血管内科副主任医师 硕士研究生，擅长高血压及冠心病、心力衰竭等常见心血管疾病及疑难疾病的诊断治疗。
广州医科大学附属第一医院,心血管专科(沿江),何兆初**,主任医师,1,擅长顽固性高血压、动脉硬化、高脂血症、心律失常、冠心病的诊断及治疗。对各种心血管疑难疾病的诊治有丰富的临床经验。
广州医科大学附属第一医院,心血管专科(沿江),易家骥**,主任医师,1,从事心血管内科临床工作多年，擅长高血压、冠心病、合并心律失常引起的心悸、心力衰竭的诊治。
广州医科大学附属第一医院,心血管专科(沿江),吴峻**,主任医师,1,注重各类常见病如高血压、冠心病、高脂血症的早期诊治，尤其擅长不明原因的心悸、胸闷、胸痛、顽固性高血压、难治性心源性气喘和水肿等症状的治疗（包括药物治疗与微创介入治疗）。
广州医科大学附属第一医院,心血管专科(沿江),苏楠*,副主任医师,0,擅长高血压、冠心病、心律失常、高脂血症、肺心病、风湿性心脏病、心力衰竭和内科常见病、多发病的诊断和治疗。 
广州医科大学附属第一医院,心血管专科(沿江),方惠仪**,主任医师,0,擅长高血压病、冠心病、血脂代谢异常、心肌炎、心肌病、心律失常、心力衰竭、心脑血管病及其他内科疾病的诊治。 
广州医科大学附属第一医院,心血管专科(沿江),曾昭华**,主任医师,1,专长于气促、喘息、咳嗽、胸闷、心悸、水肿的心衰；冠心病、高血压病、肺心病、高脂血症、心律失常等   
广州医科大学附属第一医院,心血管专科(沿江),晏明*,副主任医师,0,诊断和治疗高血压、冠心病、心肌病、心肌炎、心律失学、心功能不全、心内膜疾病、糖尿病、慢性脑供血不足等。
广州医科大学附属第一医院,内分泌专科(沿江),付颖瑜,,-1,
广州医科大学附属第一医院,内分泌专科(沿江),张洁红**,,-1,
广州医科大学附属第一医院,内分泌专科(沿江),段敏虹*,,-1,
广州医科大学附属第一医院,内分泌专科(沿江),谭愈昱,,-1,
广州医科大学附属第一医院,内分泌专科(沿江),陈小燕**,,-1,
广州医科大学附属第一医院,内分泌专科(沿江),陈广原**,,-1,
广州医科大学附属第一医院,内分泌专科(沿江),王毅飞*,,-1,
广州医科大学附属第一医院,内分泌专科(沿江),邓顺有*,,-1,
广州医科大学附属第一医院,消化内专科(沿江),黄敏菁*,副主任医师,0,消化内科、消化内镜，各种消化系疾病诊治，特别是炎症性肠病的中西结合治疗，消化道肿瘤的化疗与综合内科治疗。 
广州医科大学附属第一医院,消化内专科(沿江),苏华*,副主任医师,0,"擅长急性胃炎,慢性胃炎,胃十二指肠溃疡,功能性消化不良,功能性胃肠病,急性胃肠炎,胃肠功能紊乱,肠易激综合征,胆囊息肉,胆石症等消化系统疾病的临床诊疗及胃肠内镜的诊治"
广州医科大学附属第一医院,消化内专科(沿江),吴静**,主任医师,0,擅长消化内科、消化内镜，各种消化系疾病：消化性溃疡、肝硬化、胰腺炎、肝胆疾病、小肠大肠各种疾病的诊治、消化内镜诊治。  
广州医科大学附属第一医院,消化内专科(沿江),吴培虹*,副主任医师,1,擅长消化内科、消化内镜，擅长各种消化系疾病：消化性溃疡、肝硬化、胰腺胆道、结肠各种病变的诊治、消化内镜诊治。
广州医科大学附属第一医院,消化内专科(沿江),陈学清**,主任医师,1,消化内科、消化内镜；各种消化系疾病：胃食管反流病、胆胰疾病、肠道炎症性疾病和消化内镜诊治。  
广州医科大学附属第一医院,消化内专科(沿江),钟亮玉*,副主任医师,1,擅长消化内科、消化内镜；各种消化系疾病：消化性溃疡、肝硬化、胰腺炎、肝胆疾病、肠道各种疾病和消化内镜诊治。
广州医科大学附属第一医院,消化内专科(沿江),陈科全*,副主任医师,1,从事消化内科工作多年，擅长消化性溃疡，慢性胃肠炎，消化内镜诊治消化道疾病。
广州医科大学附属第一医院,消化内专科(沿江),樊力红**,主治医师,0,治疗返流性食管炎、功能性消化不良、功能性便秘、肠易激综合征、肝胆疾病、炎症性肠病和消化内镜诊治
广州医科大学附属第一医院,营养咨询专科(沿江),闫凤,住院医师,0,"临床营养科工作，擅长围孕期营养,肾病营养,慢性病营养,放化疗患者营养,肿瘤术后营养及修复的诊治。"
广州医科大学附属第一医院,营养咨询专科(沿江),林婷婷,主治医师,0,"各种疾病的营养治疗，擅长消化道疾病营养,慢性病营养,肠内营养支持及治疗,膳食营养指导,儿童营养指导。"
广州医科大学附属第一医院,营养咨询专科(沿江),刘莹,主治医师,0,"从事营养科临床工作，擅长消化道疾病营养,慢性病营养,肠内营养支持及治疗,膳食营养指导,儿童营养指导的诊治。"
广州医科大学附属第一医院,肾内专科(沿江),谢辉**,,-1,
广州医科大学附属第一医院,肾内专科(沿江),俞小敏*,,-1,
广州医科大学附属第一医院,肾内专科(沿江),黄泳璋,,-1,
广州医科大学附属第一医院,肾内专科(沿江),肖洁**,,-1,
广州医科大学附属第一医院,肾内专科(沿江),彭用华,,-1,
广州医科大学附属第一医院,肾内专科(沿江),汪华林**,,-1,
广州医科大学附属第一医院,肾内专科(沿江),肖云*,,-1,
广州医科大学附属第一医院,肾内专科(沿江),陈琇萌*,,-1,
广州医科大学附属第一医院,内科门诊(沿江),丘加华,,-1,
广州医科大学附属第一医院,内科门诊(沿江),陈琇萌*,,-1,
广州医科大学附属第一医院,内科门诊(沿江),梁丽英*,,-1,
广州医科大学附属第一医院,内科门诊(沿江),汤国雄*,,-1,
广州医科大学附属第一医院,内科门诊(沿江),谢颖颖,,-1,
广州医科大学附属第一医院,内科门诊(沿江),谭愈昱,医师,0,
广州医科大学附属第一医院,内科门诊(沿江),彭妙官,,-1,
广州医科大学附属第一医院,内科门诊(沿江),肖楚吟,,-1,
广州医科大学附属第一医院,肿瘤血液专科(沿江),王颖超,主治医师,0,"从事肿瘤内科工作，擅长食管良性肿瘤,食道癌,胃癌 ,直肠癌,白血病,慢性粒细胞性白血病,急性淋巴细胞白血病,乳腺癌,鼻肿瘤,鼻咽癌的诊治。"
广州医科大学附属第一医院,肿瘤血液专科(沿江),张还珠**,主任医师,0,肿瘤内科、血液科。擅长乳腺癌、肠癌、胃癌、鼻咽癌、淋巴瘤和其他恶性肿瘤的综合治疗及各种血液病的诊断、治疗。
广州医科大学附属第一医院,肿瘤血液专科(沿江),彭思达,主治医师,0,"擅长肿瘤常见病，如肺癌,食管良性肿瘤,胃癌 ,直肠癌,乳腺癌,甲状腺癌的诊治。"
广州医科大学附属第一医院,肿瘤血液专科(沿江),王春燕**,主任医师,0,擅长白血病、淋巴瘤、骨髓瘤及肺癌、鼻咽癌等的常见肿瘤及各种贫血、血小板减少以及疑难血液病的诊断治疗。
广州医科大学附属第一医院,肿瘤血液专科(沿江),彭玉娜**,主任医师,0,擅长各种肿瘤尤其肺癌、乳腺癌、胃癌、结肠癌、鼻咽癌、食道癌、淋巴瘤、白血病、贫血、出血性疾病等疾病的诊治。 
广州医科大学附属第一医院,肿瘤血液专科(沿江),覃鹏飞,主治医师,1,"肿瘤内科工作，擅长肿瘤常见病，如食管良性肿瘤,食道癌,胃癌 ,乳腺癌,鼻咽癌等。"
广州医科大学附属第一医院,肿瘤血液专科(沿江),林竞韧,主治医师,1,"从事血液内科的肿瘤治疗，擅长白血病,慢性粒细胞性白血病,急性淋巴细胞白血病, 淋巴瘤,败血症,血友病,霍金奇淋巴瘤的诊治。"
广州医科大学附属第一医院,肿瘤血液专科(沿江),郜靓,主治医师,0,肿瘤内科、血液科。擅长乳腺癌、肠癌、食管良性肿瘤、食道癌、胃癌、淋巴瘤和其他恶性肿瘤的综合治疗及各种血液病的诊断、治疗.
广州医科大学附属第一医院,骨质疏松专科(沿江),谭愈昱,主治医师,1,擅长: 糖尿病，甲状腺疾病，肥胖等代谢性，骨质疏松症等疾病的诊治。
广州医科大学附属第一医院,风湿专科(沿江),肖楚吟,主治医师,0,"擅长类风湿性关节炎,痛风性关节炎,痛风,系统性红斑狼疮,强直性脊柱炎, 风湿热,风湿性关节炎,骨关节炎的诊治。"
广州医科大学附属第一医院,风湿专科(沿江),叶珊慧**,主任医师,0,擅长类风湿关节炎、系统性红斑狼疮、强直性脊柱炎、多发性肌炎/皮肌炎、干燥综合症、系统性硬化、各种系统性血管炎、风湿性关节炎、骨关节炎、骨质疏松、痛风及心血管疾病如风湿性心脏病、冠心病、高血压、高脂血等诊治，尤其是长期不规则发热、乏力、关节痛、腰背痛、肌肉酸痛、肢端麻痹无力、四肢湿冷、各种皮疹、口腔溃疡、皮下出血、皮肤青斑、口眼干燥、蛋白尿、血尿和不明原因呼吸困难等各种疑难杂症。
广州医科大学附属第一医院,风湿专科(沿江),谢颖颖,主治医师,0,"擅长类风湿性关节炎,痛风性关节炎,痛风,系统性红斑狼疮,强直性脊柱炎,风湿性关节炎等疾病的诊治。"
广州医科大学附属第一医院,风湿专科(沿江),高建全,主治医师,1,"类风湿关节炎等类风湿疾病，如类风湿性关节炎,痛风性关节炎,痛风,系统性红斑狼疮,强直性脊柱炎,风湿性关节炎,骨关节炎的诊治。"
广州医科大学附属第一医院,血液内专科(沿江),黄振倩**,主任医师,1,各种恶性血液肿瘤的诊治，各种贫血及出血性疾病的诊治，各种实体肿瘤的化疗及综合治疗等，尤其骨髓移植富有经验。
广州医科大学附属第一医院,血液内专科(沿江),黄雅廉*,副主任医师,0,擅长贫血与血液肿瘤的诊治，血小板减少与出血性疾病的诊治。
广州医科大学附属第一医院,血液内专科(沿江),王春燕**,主任医师,0,擅长白血病、淋巴瘤、骨髓瘤及肺癌、鼻咽癌等的常见肿瘤及各种贫血、血小板减少以及疑难血液病的诊断治疗。
广州医科大学附属第一医院,血液内专科(沿江),方平*,主治医师,1,"擅长血液肿瘤，如白血病,慢性粒细胞性白血病,急性淋巴细胞白血病,再生障碍性贫血, 淋巴瘤,败血症,过敏性紫癜,血小板减少性紫癜的诊治。"
广州医科大学附属第一医院,血液内专科(沿江),李颖球,主治医师,0,"擅长白血病,慢性粒细胞性白血病,急性淋巴细胞白血病,巨幼细胞性贫血,菌血症,血小板减少性紫癜的诊治。"
广州医科大学附属第一医院,老年病专科(沿江),叶慧玲**,主任医师,0,内科常见病及疑难疾病。擅长于心、脑血管疾病、老年人骨关节病、骨质疏松等病症的诊治，对老年养生保健及康复治疗有较高的造诣。
广州医科大学附属第一医院,老年病专科(沿江),李卫华**,主任医师,0,教授，硕士研究生导师，擅长老年性心血管疾病，尤其是老年冠心病、高血压病、心律失常、慢性心力衰竭的诊断治疗。
广州医科大学附属第一医院,老年病专科(沿江),刘嘉眉*,副主任医师,0,擅长老年人常见病和多发病的预防和诊治，老年缺血性脑卒中等疾病的诊断和治疗。
广州医科大学附属第一医院,老年病专科(沿江),李凤鸣*,副主任医师,0,擅长高血压、冠心病、高血脂、动脉硬化等心脑血管、老年病的诊治及老年保健。
广州医科大学附属第一医院,老年病专科(沿江),彭妙官,主治医师,0,"擅长高血压,冠心病,高血脂症,头晕,脑供血不足,更年期综合征,心脑血管疾病,亚健康调理的诊治。"
广州医科大学附属第一医院,老年病专科(沿江),余湘文*,副主任医师,1,擅长老年糖尿病、高血压、高脂血症、痛风、高尿酸血症、骨质疏松等病症的综合治疗。
广州医科大学附属第一医院,老年病专科(沿江),石永英*,副主任医师,0,"擅长高血压,冠心病,高血脂症,心律失常,心绞痛,心肌梗塞,心力衰竭等的诊治，老年疾病的保健治疗。 "
广州医科大学附属第一医院,神经内专科(沿江),刘磊,主治医师,0,"擅长头晕,脑动脉硬化,脑梗塞,脑出血,脑供血不足,老年痴呆症,偏头痛,失眠,神经衰弱的诊治。"
广州医科大学附属第一医院,神经内专科(沿江),董亚贤**,主任医师,1,各种脑血管疾病，各种头晕、头痛、帕金森病、脊髓病、周围神经病、肌肉疾病及焦虑、失眠等症的诊治；经颅多普勒、脑电图等操作和诊断分析
广州医科大学附属第一医院,神经内专科(沿江),吴卓华*,主任医师,1,神经疑难病的鉴别诊断与治疗和脑血管病的诊治。尤其是偏瘫，失语，吞咽功能障碍的治疗；帕金森病、痴呆等神经变性病的诊治；顽固性眩晕、头痛病因鉴别及治疗。 
广州医科大学附属第一医院,神经内专科(沿江),杨志华**,主任医师,1,擅长脑血管疾病，各种头晕、头痛，帕金森病，神经系统感染，癫痫，脱髓鞘疾病，脊髓病，周围神经病，肌肉疾病及焦虑、失眠等症的诊治。    
广州医科大学附属第一医院,神经内专科(沿江),谭红愉*,副主任医师,0,帕金森病的诊断、药物及脑起搏器治疗，以及脑起搏器术后参数和药物的调整；帕金森叠加综合征的诊断及药物治疗；睑肌痉挛、面肌痉挛、斜颈等肌张力障碍的肉毒毒素局部注射及脑起搏器治疗，尤其能在肌电图及B超引导下进行精确的肉毒毒素局部肌肉注射。
广州医科大学附属第一医院,神经内专科(沿江),刘秦*,副主任医师,0,擅长脑血管疾病、神经肌肉疾病、神经系统变性疾病、记忆障碍、癫痫等疾病的诊断治疗。
广州医科大学附属第一医院,神经内专科(沿江),梁利安,副教授,1,"神经内科常见病、多发病、罕见病和疑难病 ，如头晕,脑动脉硬化,脑梗塞,脑出血,脑供血不足,脑炎,老年痴呆症,共济失调 ,失眠,神经衰弱的诊治。"
广州医科大学附属第一医院,神经内专科(沿江),李少明,主任医师,1,擅长各种头晕、头痛、颈肩痛、手脚麻痹、无力等症状、各种脑血管疾病（脑中风）、帕金森病、癫痫等脑部疾病、脊髓病、周围神经病、肌肉疾病等。
广州医科大学附属第一医院,感染病专科(沿江),区映研*,主任医师,0,感染内科主任医师，临床工作多年，擅长病毒性肝炎诊断、治疗、预防，肝硬化诊断和治疗，脂肪肝的诊断和治疗，各种发热性疾病的诊断治疗。
广州医科大学附属第一医院,感染病专科(沿江),梁增伟*,副主任医师,1,"擅长肝胆疾病，乙肝,各类型肝炎,胆石症,肝包虫病,病毒性肝炎,感染性疾病如病毒性腹泻,脊髓灰质炎,流行性感冒,结核病,破伤风的诊断治疗。"
广州医科大学附属第一医院,感染病专科(沿江),温焕连*,副主任医师,0,擅长病毒性肝炎、肝硬化、肝癌、脂肪肝、胆道疾病、不明原因发热疾病诊治和预防。
广州医科大学附属第一医院,感染病专科(沿江),朱科伦**,主治医师,1,擅长各种肝炎、肝硬化、肝癌和脂肪肝等有较多的研究。特别是对乙肝病毒母婴传播阻断有较大的成就 。
广州医科大学附属第一医院,感染病专科(沿江),林煜文*,副主任医师,1,擅长对各种感染症和与之相关的疾病，如肝炎、肝硬化、肝癌、胆囊炎、胆石症、胆道疾病和肠道寄生虫病有较佳疗效。
广州医科大学附属第一医院,感染病专科(沿江),张鹤*,副主任医师,1,"从事感染科临床工作多年，擅长发热查因，病毒性腹泻,流行性感冒,带状疱疹,细菌性痢疾，各种肝病（擅长酒精肝，脂肪肝）"
广州医科大学附属第一医院,感染病专科(沿江),曾文铤**,主任医师,1,感染科主任，擅长肝胆内科和感染性疾病，肝衰竭、病毒性肝炎、肝硬化腹水及中晚期肝癌的综合治疗和不明原因发热的诊治。
广州医科大学附属第一医院,感染病专科(沿江),梁建新**,主任医师,1,擅长用中西医结合治疗肝炎、肝硬化、肝癌；胆道疾病；发热性疾病的诊疗。及病毒性肝炎母婴传播阻断。  
广州医科大学附属第一医院,临床心理科(沿江),黄燕萍,主治医师,0,各类精神疾病及心理障碍的诊治，尤其是焦虑症、抑郁症的认知行为治疗。在儿童及青少年的情绪和行为问题干预及家长的心理辅导方面有丰富经验。擅长使用国际流行的图画分析技术了解儿童的心理发育状况及成人性格特征，并进行成人职业倾向指导.
广州医科大学附属第一医院,临床心理科(沿江),余金龙*,副主任医师,1,精神分裂症、抑郁症、双相障碍、焦虑症、强迫症、失眠症，及儿童青少年精神疾病与心理问题的心理治疗、催眠治疗和药物治疗。    
广州医科大学附属第一医院,临床心理科(沿江),林真珍*,副主任医师,0,各种精神疾患的咨询、诊断和治疗。包括睡眠障碍、焦虑症、恐怖症、强迫症、躁狂、抑郁症、精神分裂症、多动症及各种身心疾病伴发的情绪障碍等。 
广州医科大学附属第一医院,临床心理科(沿江),刘英华*,副主任医师,0,擅长焦虑症、抑郁症、强迫症、失眠症、儿童、青少年心理行为障碍的心理治疗、药物治疗、家庭治疗及戒烟心理行为干预。 
广州医科大学附属第一医院,临床心理科(沿江),左小萍*,副主任医师,0,擅长抑郁症、疑病症、焦虑症、强迫症、恐惧症、失眠症、神经衰弱、躁狂症、精神分裂症和性心理障碍的药物治疗和心理治疗；催眠治疗。
广州医科大学附属第一医院,临床心理科(沿江),崔立谦*,副主任医师,1,失眠症、焦虑症、抑郁症、强迫症、记忆障碍、进食障碍、精神分裂症、双相情感障碍及儿童青少年期学习困难、情绪和行为问题的治疗；心理咨询及心理治疗；戒烟治疗。
广州医科大学附属第一医院,临床心理科(沿江),苏秀芳,,-1,
广州医科大学附属第一医院,临床心理科(沿江),苏秀芳,,-1,
广州医科大学附属第一医院,急诊科内科(沿江),苏雪娥***,主任医师,0,"享受政府特殊津贴专家，急诊内科教授,主任医师。擅长应急急救技术，对心肺脑复苏、心脏急症、呼吸急症及各种毒蛇咬伤及救治均有独到之处；中老年疾病诊疗救治。"
广州医科大学附属第一医院,急诊科内科(沿江),林俊敏*,副主任医师,1,急诊科和急诊医学教研室副主任，擅长心肺脑血管急症、急性中毒、毒蛇伤及糖尿病急症的预防、诊断及治疗。
广州医科大学附属第一医院,急诊科内科(沿江),梁子敬**,主任医师,1,主任医师 教授 硕士研究生导师。擅长心、肺、脑、血管急症诊治、中毒诊治、毒蛇伤诊治 。  
广州医科大学附属第一医院,急诊科内科(沿江),吴少巧*,主治医师,0,擅长心，脑血管，神经系统的急症，对心脏骤停及休克抢救有丰富的急症经验。
广州医科大学附属第一医院,骨外科专科(沿江),卢永辉**,主任医师,1,擅长创伤骨科、脊柱外科、人工髋关节、膝关节置换手术以及翻修手术、腰腿痛、颈椎病、骨肿瘤的诊治。
广州医科大学附属第一医院,骨外科专科(沿江),李之琛,住院医师,1,"从事骨外科工作多年，擅长股骨头坏死，骨关节炎,髋臼发育不良，骨折，创伤的诊治。"
广州医科大学附属第一医院,骨外科专科(沿江),黎文**,主任医师,1,骨外科主任医师，擅长脊柱外科、人工关节置换、四肢骨关节各种骨折和骨盆骨折。
广州医科大学附属第一医院,骨外科专科(沿江),林志雄**,主任医师,1,骨外科主任医师，擅长脊柱外科、人工关节置换、四肢骨关节各种骨折和骨盆骨折。
广州医科大学附属第一医院,骨外科专科(沿江),白波**,主任医师,1,骨科学科带头人、骨科实验室主任，教授，主任医师，博士研究生导师，擅长人工髋、膝及其它关节的置换手术、骨肿瘤的保肢技术、脊柱疾病手术治疗、各种创伤骨折的内固定手术、显微外科技术。 
广州医科大学附属第一医院,骨外科专科(沿江),卢伟杰**,主任医师,1,关节外科（尤擅长人工髋、膝关节的置换和翻修手术）、脊柱微创外科、创伤骨折及骨质疏松性骨折的诊治。
广州医科大学附属第一医院,骨外科专科(沿江),刘琦,主治医师,0,"擅长颈椎病,腰椎间盘突出,腰椎管狭窄,关节脱位,肩周炎,退行性关节炎,手外伤,骨折,运动损伤的诊治。"
广州医科大学附属第一医院,骨外科专科(沿江),陈东峰*,副主任医师,1,擅长骨科的关节疾病、腰腿痛疾病、骨创伤、骨质疏松症等诊断治疗，利用精确导航设备对各类适应症进行微创治疗。
广州医科大学附属第一医院,乳腺专科(沿江),高进,主治医师,1,乳腺常见良性疾病的诊治（乳腺增生，乳腺纤维腺瘤，囊肿，乳腺炎等），乳腺癌的诊断，综合治疗（手术治疗，化疗，内分泌治疗，分子靶向治疗等），乳腺整形，微创手术等。
广州医科大学附属第一医院,乳腺专科(沿江),叶熹罡,主治医师,0,"从事乳腺临床工作，对乳腺疾病，如乳腺炎,乳腺增生,乳腺囊肿,乳腺纤维瘤,乳腺癌,乳腺导管内乳头状瘤尤为擅长。"
广州医科大学附属第一医院,乳腺专科(沿江),陈伦,主治医师,1,"从事乳腺疾病工作，对乳腺增生,乳腺囊肿,乳腺纤维瘤,乳腺癌,乳腺导管内乳头状瘤,副乳切除整形,乳房整形,乳房缺损重建尤为擅长。"
广州医科大学附属第一医院,乳腺专科(沿江),潘凌霄,主治医师,1,"擅长乳腺癌和乳腺良性肿瘤的诊治，如乳腺增生,乳腺囊肿,乳腺纤维瘤,乳腺癌,乳腺导管内乳头状瘤,副乳切除整形,乳房缺损重建。"
广州医科大学附属第一医院,乳腺专科(沿江),唐炜,主治医师,1,"从事乳腺临床工作，擅长乳头内陷,乳腺炎，乳腺增生,乳腺囊肿,乳腺纤维瘤,乳腺癌,乳腺导管内乳头状瘤,副乳切除整形,乳房整形,乳房缺损重建的诊治。"
广州医科大学附属第一医院,乳腺专科(沿江),张晓申,主治医师,0,"从事临床乳腺疾病的诊治，对乳腺炎，乳腺增生,乳腺囊肿,乳腺纤维瘤尤为擅长，另外对乳房保健，母乳喂养有独到的心得。"
广州医科大学附属第一医院,乳腺专科(沿江),林晓明,主治医师,1,"擅长乳腺炎，乳腺增生,乳腺囊肿,乳腺纤维瘤,乳腺导管内乳头状瘤,副乳切除整形,乳腺癌,乳腺癌术后调理，乳房整形,乳房缺损重建，哺乳指导。"
广州医科大学附属第一医院,疼痛治疗与麻醉咨询(沿江),张灿洲,主治医师,1,"从事疼痛科临床工作，擅长月经失调,痛经,颈椎病,腰椎间盘突出,肩周炎等的诊治。"
广州医科大学附属第一医院,疼痛治疗与麻醉咨询(沿江),张兴洁,主治医师,0,"麻醉科，擅长临床手术麻醉,神经痛射频灭痛治疗,晚期癌痛减痛,慢性疼痛治疗。"
广州医科大学附属第一医院,外科门诊(沿江),曾宪宏,主治医师,1,"擅长急腹症,急性胆囊炎,急性胰腺炎,腹膜炎,胃息肉,腹股沟疝气,腹壁疝,痔疮,肛裂,肛窦炎,肛瘘,肠息肉的诊治。"
广州医科大学附属第一医院,外科门诊(沿江),莫宇华,主治医师,1,"擅长急腹症,急性胆囊炎,急性胰腺炎,阑尾炎,腹膜炎,消化性溃疡穿孔,腹股沟疝气,腹腔脓肿,胆石症,溃疡性结肠炎的诊治。"
广州医科大学附属第一医院,周围血管专科门诊(沿江),梁刚*,副主任医师,1,体表组织器官畸形、缺陷的整形修复；各种体表的良、恶性肿瘤和痣斑及体表瘢痕的综合治疗；手外科的创伤修复、外观整形和功能重建；血管外科疾病的诊断治疗及整形美容。
广州医科大学附属第一医院,胃肠外科门诊(沿江) ,夏同义*,副主任医师,1,胃肠外科、普通外科，擅长胃肠道肿瘤、甲状腺、乳腺、胆囊等疾病的常见及疑难疾病的诊断治疗。  
广州医科大学附属第一医院,胃肠外科门诊(沿江) ,雷建**,主任医师,1,擅长胃肠道肿瘤的规范化手术及手术前的新辅助治疗、术后的辅助治疗和靶向治疗，能准确把握美国NCCN胃肠肿瘤的新技术指引，主持的胃肠各种肿瘤专科化治疗达国内先进水平；今年将国外快速康复外科的先进理念应用于胃肠系列手术，将微创技术与之结合，使治疗水平及康复水平提高到新平台。
广州医科大学附属第一医院,胃肠外科门诊(沿江) ,陈远光*,副主任医师,1,普通外科副主任医师、硕士研究生导师，擅长大肠癌、胃癌等腹部疾病，疝和痔病，甲状腺乳腺疾病的诊治。
广州医科大学附属第一医院,胃肠外科门诊(沿江) ,胡明**,主任医师,1,擅长普通外科、胃肠外科；胃肠肿瘤、痔疮、疝、乳腺和甲状腺疾病、胆石症的诊治，微创外科技术 。 
广州医科大学附属第一医院,胃肠外科门诊(沿江) ,李聪前*,副主任医师,1,普通外科、胃肠外科。甲状腺、乳腺、胃肠道及肝胆疾病的诊断治疗，普通外科的微创外科手术。
广州医科大学附属第一医院,胃肠外科门诊(沿江) ,黄炯强**,副主任医师,1,擅长胃肠肿瘤、肛门疾病、疝、乳腺及甲状腺疾病的诊断和治疗。
广州医科大学附属第一医院,胃肠外科门诊(沿江) ,陈劲松*,主治医师,1,"擅长急腹症,急性胆囊炎,急性胰腺炎,阑尾炎,胃息肉,痔疮,肠息肉,溃疡性结肠炎的诊治。"
广州医科大学附属第一医院,肝胆外科门诊(沿江),刘安重**,主任医师,1,擅长甲状腺、乳腺疾病，结直肠癌，各种疝，肝癌和胆道疾病等普通外科常见病及疑难疾病的诊断和手术治疗。  
广州医科大学附属第一医院,肝胆外科门诊(沿江),刘衍民***,主任医师,1,腹部外科教授 主任医师，擅长腹腔镜、胆道镜手术，包括甲状腺、乳腺、肝胆、胃肠、阑尾、疝气和肿瘤的微创外科治疗及传统腹部外科手术。
广州医科大学附属第一医院,肝胆外科门诊(沿江),黎绍基*,副主任医师,1,乳腺、甲状腺外科，胃肠外科和肝胆外科各种疑难疾病的诊治，率先在我院开展普通外科各项疑难手术，其手术在广州市普通外科界享有较高的声誉，尤其精通普通外科的各种大型手术。   
广州医科大学附属第一医院,肝胆外科门诊(沿江),黄刚**,主任医师,1,擅长肿瘤外科、肝胆外科，尤其是肝癌、胃癌、结直肠癌等特别是肝癌的早期诊断，鉴别诊断，综合治疗。
广州医科大学附属第一医院,肝胆外科门诊(沿江),周才明**,主任医师,1,肝胆外科主任，从事临床工作多年，擅长甲状腺、乳腺疾病，结直肠癌，各种疝，肝癌和胆道疾病等普通外科常见病及疑难疾病的诊断和手术治疗。
广州医科大学附属第一医院,肝胆外科门诊(沿江),李君**,主任医师,1,擅长肝癌综合治疗，各类型肝脏手术、胰十二指肠切除及胆管癌根治术，以及各种规范的腹部肿瘤手术。
广州医科大学附属第一医院,肝胆外科门诊(沿江),岑钧华**,主任医师,1,肝胆外科主任医师，从事临床工作多年，擅长肝、胆、胰结石、肿瘤及胃肠道肿瘤的诊治。
广州医科大学附属第一医院,肝胆外科门诊(沿江),方天翎*,副主任医师,1,腹部外科、血管外科、肝脏移植的常见及疑难疾病的诊断治疗。    
广州医科大学附属第一医院,泌尿外专科(沿江),王露萍*,副主任医师,0,擅长肾、输尿管、膀胱、前列腺等疾病的微创手术；女性泌尿系统疾病尤其是女性尿失禁、膀胱颈增殖症、尿道综合症的治疗 。
广州医科大学附属第一医院,泌尿外专科(沿江),袁坚**,主任医师,1,能熟练开展肾癌根治术及膀胱癌的全膀胱切除术，先后施行三千多例的前列腺增生手术，对小儿泌尿外科先天畸形治疗也有丰富的经验。
广州医科大学附属第一医院,泌尿外专科(沿江),陈文忠*,副主任医师,1,擅长泌尿系结石、尿路狭窄（闭锁）、前列腺增生的窥镜处理，小儿泌尿系疾病治疗。
广州医科大学附属第一医院,泌尿外专科(沿江),吴文起**,主任医师,1,擅长泌尿系结石、前列腺疾病、泌尿系统肿瘤等疾病的诊断和治疗，以及微创技术治疗泌尿系统疾病。
广州医科大学附属第一医院,泌尿外专科(沿江),卢小刚*,副主任医师,1,擅长肾上腺疾病、结石、前列腺疾病及肿瘤等泌尿、男性生殖系统疾病的手术和微创治疗。
广州医科大学附属第一医院,泌尿外专科(沿江),卢穗琳,主治医师,0,泌尿系结石 前列腺增生 前列腺炎 泌尿系肿瘤 女性及小儿泌尿相关疾病 各类原因引起的膀胱炎 各种原因引起的尿失禁 膀胱过度活跃综合征 OAB LUS等
广州医科大学附属第一医院,泌尿外专科(沿江),郭彬**,副主任医师,1,擅长微创伤治疗泌尿系统疾病，如肾上腺、肾、输尿管、膀胱、前列腺等器官的疾病，擅长下尿路功能障碍性疾病（如尿失禁）的诊断和微创治疗。
广州医科大学附属第一医院,泌尿外专科(沿江),钟东亮*,副主任医师,1,运用微创技术治疗复杂、多发、复发肾结石、输尿管结石，减少残余与复发，保护肾功能。前列腺增生、肿瘤、肾上腺疾病、肾癌、膀胱癌、尿路狭窄与畸形、排尿障碍等疾病的诊治。
广州医科大学附属第一医院,微创普外(沿江),华沪玮**,主任医师,1,主任医师 微创外科学科委员 广州普通外科学科委员，擅长普通外科，肝、胆、脾、胃肠、乳腺、甲状腺的开放手术及微创手术、诊断与治疗。
广州医科大学附属第一医院,微创普外(沿江),欧阳斌*,住院医师,1,擅长泌尿男科疾病的诊治，特别是勃起功能障碍、射精功能障碍、精索静脉曲张、前列腺疾病、男性不育症的诊治。
广州医科大学附属第一医院,微创普外(沿江),王平*,主任医师,1,擅长普外腹腔镜手术、肝胆结石、甲状腺、乳腺、腹部疾病、肿瘤的治疗。  
广州医科大学附属第一医院,微创普外(沿江),侯东生**,主任医师,1,"各种普外科常见疾病及疑难疾病的诊断与现代治疗。对腹腔镜手术有精深的研究，在腹腔镜胆囊、胆总管、阑尾、胃肠肿瘤、肝、胰、脾、疝、甲状腺、下肢静脉曲张等手术方面有丰富的经验, 专长于普通外科复杂性腹腔镜手术研究和微创外科手术精细解剖研究。"
广州医科大学附属第一医院,微创普外(沿江),陈光春**,主任医师,1,内窥镜（包括腹腔镜、胃镜、十二指肠镜、结肠镜等）技术治疗消化系肿瘤、肝胆管结石；甲状腺、乳腺、肝胆脾胰、胃肠道及疝等疾病的诊治；利用放射性粒子植入、光动力疗法和射频消融等微创技术治疗肿瘤。
广州医科大学附属第一医院,微创普外(沿江),刘安重**,主任医师,1,擅长甲状腺、乳腺疾病，结直肠癌，各种疝，肝癌和胆道疾病等普通外科常见病及疑难疾病的诊断和手术治疗。  
广州医科大学附属第一医院,微创普外(沿江),欧阳斌*,,-1,
广州医科大学附属第一医院,甲状腺、乳腺外科(沿江),郑文博**,主任医师,1,擅长乳腺、甲状腺疾病的诊治，尤其乳腺癌综合治疗，腔镜辅助下乳腺癌保乳手术。 
广州医科大学附属第一医院,神经外科专科(沿江),瞿文军**,主任医师,1,神经系统肿瘤、功能神经、脑血管普通及疑难疾病诊断和显微外科治疗，颅脑损伤的救治及康复。 
广州医科大学附属第一医院,神经外科专科(沿江),程国雄*,副主任医师,1,在脑血管病的介入治疗及脑、脊髓肿瘤的显微手术治疗上积累了丰富的经验，并于神经内科合作开展了多年的帕金森病的脑深部电刺激书术（DBS）治疗；擅长脑动脉瘤、血管畸形的血管内治疗；脑、脊髓肿瘤的显微手术治疗；脑外伤的综合治疗等。  
广州医科大学附属第一医院,神经外科专科(沿江),何俊德**,主任医师,1,擅长重型脑外伤的救治，脑肿瘤及椎管脊髓肿瘤的微创显微手术，脑血管病、脑功能性及先天性疾病的外科治疗。
广州医科大学附属第一医院,神经外科专科(沿江),何启*,副主任医师,1,从事神经外科临床工作多年，擅长颅脑及脊髓肿瘤、脑血管疾病、脑及脊髓先天性疾病、颅脑外伤、脑震荡、脑积水等的诊治。
广州医科大学附属第一医院,整形外科门诊(沿江) ,王肃生**,主任医师,1,整形外科主任，广东医师协会整形分会副主任委员，广州医学会医学美学美容分会主任委员。对颌面部与躯干和四肢的组织缺损、畸形、溃面，各类体表的良恶性肿和斑痣和瘢痕，周围血管疾病，手部外伤和畸形等病症有丰富的诊治经验。对颜面和形体的美容整形具有精湛技能。
广州医科大学附属第一医院,整形外科门诊(沿江) ,梁刚*,副主任医师,1,体表组织器官畸形、缺陷的整形修复；各种体表的良、恶性肿瘤和痣斑及体表瘢痕的综合治疗；手外科的创伤修复、外观整形和功能重建；血管外科疾病的诊断治疗及整形美容。
广州医科大学附属第一医院,整形外科门诊(沿江) ,张志华*,副主任医师,1,擅长皮瓣修复因创伤、感染所致的面部、躯干和四肢组织的缺损，骨、钢板外露或溃面不愈合;各种体表的良、恶性肿瘤及瘢痕的美容治疗;下肢静脉曲张、动脉闭塞、血管损伤、周围神经损伤的的微创治疗。 
广州医科大学附属第一医院,整形外科门诊(沿江) ,杨斌**,主治医师,1,"擅长外科整形,微创双眼皮,玻尿酸微整形,体形雕塑,注射除皱,外耳畸形修复整形。"
广州医科大学附属第一医院,骨外科-运动创伤(沿江),董伟强**,主任医师,1,"骨外科主任医师，擅长关节镜技术，髋关节脱位,膝关节损伤,关节脱位,骨关节炎,风湿性关节炎,退行性关节炎，人工关节置换术，四肢创伤，手外伤,骨折,运动损伤,腰腿痛的诊治。"
广州医科大学附属第一医院,骨外科-脊柱外科(沿江),吴景明**,主任医师,1,广东省脊椎伤病专业委员会委员、广州市骨科学会委员，擅长脊柱骨折脱位、脊柱畸形、椎管狭窄、脊柱不稳、颈椎病、脊柱肿瘤、骨关节炎、股骨头坏死的诊断和手术治疗。
广州医科大学附属第一医院,骨外科-脊柱外科(沿江),何二兴**,主任医师,1,广州骨科研究所副所长，脊椎外科资深专家，擅长骨科、脊柱外科、微创脊柱外科，擅长微创脊柱外科手术、脊柱前后路手术，脊柱侧弯矫形、椎体肿瘤切除。
广州医科大学附属第一医院,骨外科-脊柱外科(沿江),尹知训**,主任医师,1,骨外科主任医师 骨科博士，脊柱、创伤、骨病。擅长骨科伤病的诊断和综合治疗，推崇微创手术和数字技术临床应用，在计算机辅助术前规划和精确手术方面有独到之处。 
广州医科大学附属第一医院,骨外科-脊柱外科(沿江),郭志勇*,副主任医师,1,擅长颈肩腰腿痛，四肢关节痛等骨科常见及疑难疾病的诊断治疗，擅长脊柱，关节微创治疗及各类创伤骨科疾病的治疗。
广州医科大学附属第一医院,骨外科-脊柱外科(沿江),吴梅祥*,主任医师,1,骨外科主任医师，擅长脊柱、关节、创伤等各种骨科疾病的诊断；并灵活应用非手术、手术等恰当的方案进行合理治疗。
广州医科大学附属第一医院,骨外科-脊柱微创(沿江) ,尹知训*,主任医师,1,脊柱、创伤、骨病。擅长骨科伤病的诊断和综合治疗，推崇微创手术和数字技术临床应用，在计算机辅助术前规划和精确手术方面有独到之处。 
广州医科大学附属第一医院,骨外科-脊柱微创(沿江) ,郭志勇*,副主任医师,1,擅长颈肩腰腿痛，四肢关节痛等骨科常见及疑难疾病的诊断治疗，擅长脊柱，关节微创治疗及各类创伤骨科疾病的治疗。 
广州医科大学附属第一医院,骨外科-脊柱微创(沿江) ,何二兴**,主任医师,1,广州骨科研究所副所长，脊椎外科资深专家，擅长骨科、脊柱外科、微创脊柱外科，擅长微创脊柱外科手术、脊柱前后路手术，脊柱侧弯矫形、椎体肿瘤切除。  
广州医科大学附属第一医院,骨外科-脊柱微创(沿江) ,吴景明**,主任医师,1,广东省脊椎伤病专业委员会委员、广州市骨科学会委员，擅长脊柱骨折脱位、脊柱畸形、椎管狭窄、脊柱不稳、颈椎病、脊柱肿瘤、骨关节炎、股骨头坏死的诊断和手术治疗。
广州医科大学附属第一医院,泌尿男性科(沿江),赵志刚**,主任医师,1,擅长前列腺炎、前列腺增生症、前列腺癌的治疗，男性性功能障碍、男性不育症及性传播疾病的治疗等。
广州医科大学附属第一医院,泌尿男性科(沿江),杨德民**,主任医师,1,"擅长泌尿男性科，尿路感染,泌尿系结石,肾结石,前列腺炎,包皮过长,男性性功能障碍、男性不育症等男科疾病的治疗。 "
广州医科大学附属第一医院,泌尿男性科(沿江),杨运彰**,主任医师,1,擅长前列腺肥大，前列腺炎、泌尿系结石、泌尿系肿瘤、性功能障碍及男性不育症的诊疗。
广州医科大学附属第一医院,泌尿男性科(沿江),杨清源*,副主任医师,1,"擅长中西医结合治疗男性不育及性功能障碍，尿路感染,泌尿系结石,肾结石,前列腺炎,前列腺增生的诊治。"
广州医科大学附属第一医院,心脏外科门诊(沿江),谢少波*,主任医师,1,主任医师，硕士导师，擅长心脏疾病诊断和外科治疗，尤其擅长小儿先天性心脏疾病治疗。
广州医科大学附属第一医院,甲状腺专科(沿江) ,黄刚**,主任医师,1,擅长肿瘤外科、肝胆外科，尤其是肝癌、胃癌、结直肠癌等特别是肝癌的早期诊断，鉴别诊断，综合治疗。
广州医科大学附属第一医院,骨外科-关节外科(沿江) ,严广斌*,副主任医师,1,擅长人工关节置换、关节镜技术、四肢骨折、腰腿痛及老年性骨质疏松、骨关节退变的诊治。
广州医科大学附属第一医院,骨外科-关节外科(沿江) ,余楠生**,主任医师,1,骨外科主任医师，《中华关节外科杂志（电子版）》主编，擅长人工关节置换及翻修、四肢骨关节各种骨折和骨盆骨折、脊柱外科。
广州医科大学附属第一医院,骨外科-关节外科(沿江) ,陈东峰*,副主任医师,1,擅长骨科的关节疾病、腰腿痛疾病、骨创伤、骨质疏松症等诊断治疗，利用精确导航设备对各类适应症进行微创治疗。 
广州医科大学附属第一医院,骨外科-关节外科(沿江) ,卢伟杰**,副主任医师,1,多年从事关节外科临床工作（尤擅长人工髋、膝关节的置换和翻修手术）、脊柱微创外科、创伤骨折及骨质疏松性骨折的诊治。 
广州医科大学附属第一医院,骨外科-关节外科(沿江) ,董伟强**,主任医师,1,骨外科主任医师，从事临床工作多年，擅长关节镜技术，人工关节置换术，四肢创伤，腰腿痛的诊治。
广州医科大学附属第一医院,妇科门诊(沿江) ,冯荣*,副主任医师,0,妇科内分泌、不孕症、月经失调、反复流产，妇产科常见及疑难病的诊断和治疗
广州医科大学附属第一医院,妇科门诊(沿江) ,陈培照,主治医师,0,擅长宫颈病变，围产咨询，宫颈炎，多囊卵巢综合征，阴道镜，先兆流产，子宫异常出血等疾病的诊治。
广州医科大学附属第一医院,妇科门诊(沿江) ,宁映霞*,副主任医师,0,宫颈良、恶性疾病的诊断和治疗
广州医科大学附属第一医院,妇科门诊(沿江) ,孙红*,副主任医师,0,高危妊娠的诊断和治疗，母婴保健，宫颈疾病的诊断和治疗及其他普通妇科及产科疾病的诊治
广州医科大学附属第一医院,妇科门诊(沿江) ,陈全娘***,主任医师,0,女性不孕不育、优生遗传咨询、妇科内分泌、妇科肿瘤、老年妇女保健及妇科疑难杂症等的诊治
广州医科大学附属第一医院,妇科门诊(沿江) ,杨婉颐*,副主任医师,0,妇产科内分泌如月经失调、闭经、功能性子宫出血、围绝经期综合征及子宫内膜异位症及不孕不育方面的治疗
广州医科大学附属第一医院,妇科门诊(沿江) ,张晓薇**,主任医师,0,"妇科内分泌疾病、女性不孕症，妇科良性肿瘤和恶性肿瘤的诊断和微创手术治疗,尿失禁及子宫脱垂的诊断和微创手术治疗"
广州医科大学附属第一医院,妇科门诊(沿江) ,邓志校*,副主任医师,1,卵巢囊肿；卵巢肿瘤；子宫肌瘤；宫颈癌；子宫内膜癌；子宫肉瘤；痛症妇科；子宫内膜异位症；妇科肿瘤手术；妇科腹腔镜手术；妇科宫腔镜手术
广州医科大学附属第一医院,门诊产科(沿江),何毛毛,主治医师,0,熟练掌握产科的多发病及常见病的诊治，产前咨询及产前诊断，孕期营养咨询及产后母乳喂养指导，对妇科内分泌也有一定的见解
广州医科大学附属第一医院,门诊产科(沿江),梁顺银,主治医师,0,妊娠期糖尿病的饮食管理
广州医科大学附属第一医院,门诊产科(沿江),何志毅**,主任医师,0,擅长围产医学，妊娠并发症和合并症的诊断和处理；优生优育和遗传咨询。计划生育，妇科常见病、疑难疾病的诊断治疗。 
广州医科大学附属第一医院,门诊产科(沿江),何志晖**,主任医师,0,擅长生殖医学、不孕不育，优生优育、遗传咨询、产前诊断，各种妇产科常见及疑难疾病的诊断治疗。
广州医科大学附属第一医院,门诊产科(沿江),冯荣*,副主任医师,0,擅长妇科内分泌、不孕症、月经失调、反复流产，妇产科常见及疑难病的诊断和治疗。
广州医科大学附属第一医院,门诊产科(沿江),肖海群*,副主任医师,0,"擅长高危妊娠，妊娠合并症,妊高症的诊治，免疫流产的诊断治疗。 "
广州医科大学附属第一医院,门诊产科(沿江),左丽娜,主治医师,0,擅长产前保健、产后恢复，产前检查，高危妊娠的诊治。
广州医科大学附属第一医院,门诊产科(沿江),李丝莹,,-1,
广州医科大学附属第一医院,儿科门诊(沿江),陈德晖,主任医师,0,儿童呼吸系统疾病、危重症的监护和抢救；尤其擅长于小儿支气管哮喘和慢性咳嗽的诊治
广州医科大学附属第一医院,儿科门诊(沿江),邹亚伟,主任医师,1,小儿发热性疾病，慢性咳嗽和小儿血液肿瘤疾病
广州医科大学附属第一医院,儿科门诊(沿江),曾超燕,副主任医师,0,小儿慢性咳嗽、哮喘、鼻炎、肺炎、癫痫、抽动症、多动症、头痛、头晕、心理障碍、学习困难等疾病的诊断和治疗
广州医科大学附属第一医院,儿科门诊(沿江),湛洁谊,主任医师,0,反复呼吸道感染、慢性咳嗽、喘息性疾病、支气管哮喘、过敏性鼻炎等呼吸系统疾病及新生儿常见疾病的诊断和治疗
广州医科大学附属第一医院,儿科门诊(沿江),潘小安,副主任医师,0,小儿慢性咳嗽、支气管哮喘、婴幼儿喘息、肺炎、反复呼吸道感染、等呼吸系统疾病的诊治与新生儿和儿童的保健
广州医科大学附属第一医院,儿科门诊(沿江),卢其亮,副主任医师,1,小儿呼吸系统疾病（如咳嗽、过敏性咳嗽、哮喘病、气管异物）的诊断、中西医结合治疗和儿童保健咨询
广州医科大学附属第一医院,儿科门诊(沿江),翟莺莺,副主任医师,0,儿童呼吸系统疾病，如哮喘、反复呼吸道感染
广州医科大学附属第一医院,儿科门诊(沿江),雷鸣,副主任医师,0,儿童呼吸系统疾病、消化系统疾病的诊治以及儿童保健，运用中西医结合方法诊治儿科常见病及多发病
广州医科大学附属第一医院,中医专科(沿江),王文,主治医师,0,"擅长用中药,按摩的方式治疗腰椎间盘突出,肩周炎,腰肌劳损,更年期综合征,心脑血管疾病,肿瘤性疾病调理,亚健康调理。"
广州医科大学附属第一医院,中医专科(沿江),谭玮璐,主治医师,0,"擅长用中医中药,针灸治疗颈椎病,腰椎间盘突出,肩周炎,腰肌劳损,肥胖症,心脑血管疾病。"
广州医科大学附属第一医院,中医专科(沿江),黄婉怡,主治医师,0,"擅长用中医中药治疗月经失调,阴道炎,肩周炎,腰肌劳损,更年期综合征,心脑血管疾病,中风康复等。"
广州医科大学附属第一医院,中医专科(沿江),宋兴华,主治医师,0,"擅长用中医中药治疗肩周炎,失眠,更年期综合征,心脑血管疾病,亚健康调理，月经失调,痛经等。"
广州医科大学附属第一医院,中医专科(沿江),赖毛华*,副主任医师,0,擅长中西医结合妇科、擅长习惯性流产、多囊卵巢综合征、不孕症、月经不调、盆腔炎、子宫内膜异位症、痛经、更年期综合征等妇科疑难疾病的诊治。
广州医科大学附属第一医院,中医专科(沿江),刘华**,主任医师,0,擅长用中西医结合妇科、内科、乳腺病、不孕不育等疑难疾病的诊断治疗。
广州医科大学附属第一医院,中医专科(沿江),夏鑫华*,主任医师,1,擅长外感温热病、湿热病，呼吸、消化、心脑血管疾病等中医内、儿科常见病及疑难病的诊断和治疗。
广州医科大学附属第一医院,中医专科(沿江),李娟,主治医师,0,"擅长用中医中药,推拿治疗腰椎间盘突出,肩周炎,失眠,心脑血管疾病,亚健康调理。"
广州医科大学附属第一医院,中医科门诊(沿江),马红霞**,,-1,
广州医科大学附属第一医院,中医科门诊(沿江),杨辉**,,-1,
广州医科大学附属第一医院,中医科门诊(沿江),潘朝明*,,-1,
广州医科大学附属第一医院,中医科门诊(沿江),李尚文*,,-1,
广州医科大学附属第一医院,中医科门诊(沿江),赖毛华*,,-1,
广州医科大学附属第一医院,中医科门诊(沿江),张大鹏*,,-1,
广州医科大学附属第一医院,中医科门诊(沿江),潘素滢*,,-1,
广州医科大学附属第一医院,中医科门诊(沿江),范萍**,,-1,
广州医科大学附属第一医院,眼科门诊(沿江),麦庆怡,主治医师,0,"擅长白内障,青光眼,角膜炎,近视,远视,斜视,弱视的诊治。"
广州医科大学附属第一医院,眼科门诊(沿江),谌文思,住院医师,0,"擅长视网膜病变,白内障,青光眼,结膜炎,角膜炎,角膜病,沙眼的诊治。"
广州医科大学附属第一医院,眼科门诊(沿江),黎健菁*,副主任医师,0,擅长白内障诊断及手术治疗、干眼症等眼表疾病、玻璃体视网膜疾病、青光眼的诊断及治疗。
广州医科大学附属第一医院,眼科门诊(沿江),刘国昌*,副主任医师,1,擅长角膜移植、白内障、青光眼、视网膜、泪器及眼部整形美容手术的诊治。
广州医科大学附属第一医院,眼科门诊(沿江),路晓明*,副主任医师,1,擅长白内障、青光眼手术治疗。对于小儿近视、弱视、斜视以及老花眼矫治有丰富的临床经验。对于角膜炎、结膜炎以及糖尿病视网膜病变的诊断与治疗尤有心得。
广州医科大学附属第一医院,眼科门诊(沿江),孙克清*,副主任医师,1,"擅长视网膜病诊治，白内障,青光眼，眼底病激光、眼底荧光血管造影检查的诊治。"
广州医科大学附属第一医院,眼科门诊(沿江),程浩**,主任医师,1,擅长眼底病、白内障、视网膜脱离、糖尿病视网膜病变、黄斑疾病、各、斜视弱视、小儿眼科、甲状腺相关眼病、眼眶病及眼肿瘤的诊治。
广州医科大学附属第一医院,眼科门诊(沿江),李辉,主治医师,1,眼屈光学及眼斜、弱视专业，青少年近视的发生、视网膜病变相关眼病的治疗与预防
广州医科大学附属第一医院,耳鼻咽喉头颈外科门诊,陈柏芝,主治医师,0,擅长变应性鼻炎、鼻窦炎等鼻科疾病，扁桃体炎、声带息肉等咽喉方面疾病的诊治。
广州医科大学附属第一医院,耳鼻咽喉头颈外科门诊,钟刚毅*,副主任医师,1,擅长鼻内镜外科、耳显微外科、喉显微外科、耳聋眩晕等疑难杂症及鼻眼相关疾病的诊断治疗。
广州医科大学附属第一医院,耳鼻咽喉头颈外科门诊,张明*,副主任医师,0,擅长耳鼻咽喉常见疾病的诊治，变应性鼻炎、儿童鼾症、耳神经内科、喉显微外科、头颈肿瘤的诊断治疗。   
广州医科大学附属第一医院,耳鼻咽喉头颈外科门诊,张孝文**,主任医师,1,熟练开展鼾症的各类手术治疗，鼻窦炎和鼻息肉的内镜治疗、中耳炎等的耳神经显微外科手术、喉显微外科及头颈(鼻咽癌、甲状腺、腮腺及其它口腔涎腺、咽、喉)肿瘤综合治疗。对过敏性炎、耳聋、眩晕、耳鸣等耳鼻咽喉-头颈外科的常见及疑难疾病诊断、治疗经验丰富.  
广州医科大学附属第一医院,耳鼻咽喉头颈外科门诊,梁健新**,主任医师,1,鼾症、头颈肿瘤及颈部肿物的诊断和手术治疗、过敏性鼻炎及鼻窦炎的内窥镜治疗、咽喉部疾病及显微喉镜手术。
广州医科大学附属第一医院,耳鼻咽喉头颈外科门诊,肖立智*,副主任医师,1,擅长中耳炎、耳硬化症、耳肿瘤、听神经瘤的诊治，熟练开展耳显微手术、耳内镜手术、人工耳蜗植入术进行耳听力重建，运用综合手段治疗眩晕及耳鸣耳聋等内耳疾病。
广州医科大学附属第一医院,耳鼻咽喉头颈外科门诊,王仁浩*,副主任医师,1,擅长耳鼻咽喉科常见及疑难疾病的诊断治疗。擅长慢性咽炎、过敏性鼻炎的诊断与治疗。
广州医科大学附属第一医院,耳鼻咽喉头颈外科门诊,胡羽舟*,副主任医师,1,耳、鼻、咽、喉、头颈肿瘤的常见及疑难疾病的诊断治疗。小儿鼻炎鼻窦炎诊治。
广州医科大学附属第一医院,口腔科门诊(沿江),黄权伟,主治医师,1,"擅长口臭,口角炎,口腔溃疡,牙龈炎,牙周炎,拔牙,补牙,龋齿,洗牙的诊治。"
广州医科大学附属第一医院,口腔科门诊(沿江),刘小峰,主治医师,1,"擅长口腔溃疡,牙龈炎,牙周炎,牙龈萎缩,牙龈出血,鹅口疮,拔牙,补牙,龋齿,洗牙的诊治。"
广州医科大学附属第一医院,口腔科门诊(沿江),易晓辉,主治医师,1,"擅长口腔科常见疾病的诊断及治疗，如口臭,口角炎,口腔溃疡,牙周炎,口腔出血,拔牙,补牙,龋齿,冠周炎。"
广州医科大学附属第一医院,口腔科门诊(沿江),余永春,主治医师,0,"擅长口腔常见病，口腔溃疡,牙龈炎,牙周炎,牙龈萎缩,牙龈出血,拔牙,补牙,龋齿,冠周炎,洗牙等。"
广州医科大学附属第一医院,口腔科门诊(沿江),高平*,副主任医师,0,"口腔内科学与口腔修复学,擅长各种严重缺损的牙齿修复治疗及四环素牙、氟斑牙、牙齿缺失的烤瓷美容修复治疗。 "
广州医科大学附属第一医院,口腔科门诊(沿江),张树标**,主任医师,1,擅长牙齿种植；腮腺、颌下腺、舌下腺疾患；口腔颌面部肿瘤；颜面颌骨外伤；颜面整形；睡眠呼吸暂停综合症。
广州医科大学附属第一医院,口腔科门诊(沿江),吉建新**,主任医师,1,教授 主任医师 硕士研究生导师，擅长口腔正畸学和修复学；牙列不齐和畸形的矫正，牙齿缺失的种植治疗和美容修复。
广州医科大学附属第一医院,口腔科门诊(沿江),潘广嗣*,副主任医师,1,擅长微创智齿拔除，各类型牙列缺失的活动义齿、固定义齿及种植义齿修复、前牙美学修复。
广州医科大学附属第一医院,皮肤科门诊(沿江),王霞,主治医师,0,"擅长湿疹,荨麻疹,过敏性皮炎,脂溢性皮炎,脱发,脂溢性脱发,痤疮的诊治。"
广州医科大学附属第一医院,皮肤科门诊(沿江),熊春萍**,主任医师,0,毛发疾病（脱发、毛干异常等）、性病、皮肤真菌病、过敏性皮肤病、免疫性疾病、甲病及皮肤外科。
广州医科大学附属第一医院,皮肤科门诊(沿江),程喜平**,副主任医师,1,早期发现结缔组织病。中西医结合诊断和治疗结缔组织病、过敏性疾病、脂溢性皮炎、痤疮、脱发等常见及疑难皮肤疾病。  
广州医科大学附属第一医院,皮肤科门诊(沿江),黄卫宁**,主任医师,0,擅长过敏性皮肤病（慢性荨麻疹、皮炎湿疹、过敏原检测等）、脱发、小儿皮肤病、痤疮、免疫性疾病等。
广州医科大学附属第一医院,皮肤科门诊(沿江),谭凤明**,副主任医师,0,脱发疾病（斑秃、男性型秃发等），湿疹、荨麻疹等过敏性疾病，性传播疾病，痤疮、色素性皮肤病等常见及疑难疾病的诊断治疗。
广州医科大学附属第一医院,皮肤科门诊(沿江),朱慧玲,,-1,
广州医科大学附属第一医院,皮肤科门诊(沿江),朱慧玲,,-1,
广州医科大学附属第一医院,康复科门诊(沿江),梁伟坚,主治医师,1,擅长运用独特的正骨复位手法治疗各种类型的颈椎病、胸椎小关节错位、腰椎间盘突出症、腰扭伤、骨盆错位等。
广州医科大学附属第一医院,康复科门诊(沿江),敖晓龙,主治医师,1,"从事康复临床工作，擅长中风后遗症，头晕,偏头痛,颈椎病,腰椎间盘突出,肩周炎,慢性腰腿痛,面瘫的诊治。"
广州医科大学附属第一医院,康复科门诊(沿江),杜春晓,主治医师,0,"擅长神经康复临床工作，擅长头晕,偏头痛,运动神经元病,颈椎病,腰椎间盘突出,腰椎管狭窄,脊柱侧弯,运动损伤的诊治。"
广州医科大学附属第一医院,康复科门诊(沿江),潘广华,住院医师,1,擅长治疗颈肩腰腿痛，运动损伤，运动神经元病，另外对中风偏瘫等疑难杂症也有一定的临床心得。
广州医科大学附属第一医院,康复科门诊(沿江),沈彤*,副主任医师,1,擅长运用“三步定位诊断”、“龙氏正骨手法”诊治颈椎病、腰腿痛，特别是颈腰椎间盘突出症、头晕、头痛等顽症的治疗。
广州医科大学附属第一医院,康复科门诊(沿江),尹伦辉**,主任医师,1,运用“龙氏治脊疗法”与中医针刺及理疗康复技术相结合治疗脊椎相关疾病、儿童脊源性疾病及中枢、周围神经疾病。如颈肩背腰腿痛诸症，颈腰椎间盘突出症，颈性眩晕、头痛、耳鸣、失眠，颈性高血压，脊椎扭伤，脊源性胸闷、心悸、背痛、痛经，肩周炎，网球肘，关节炎，中风后遗症，面瘫等疾患。尤其对儿童颈性眩晕、抽动症及眨眼症、儿童脊柱侧弯等疾病运用手法治疗效果显著。
广州医科大学附属第一医院,康复科门诊(沿江),梁咏珊,主治医师,0,"擅长临床康复工作，如颈椎病,腰椎间盘突出,肩周炎,骨关节炎,运动损伤，运动神经元病。"
广州医科大学附属第一医院,康复科门诊(沿江),章瑛*,副主任医师,0,"康复科副主任医师 博士后 闭合性松解疗法发明人之一，擅长综合治疗颈椎病,腰椎病,椎间盘突出症及四肢关节痛。"
广州医科大学附属第一医院,激光专科(沿江),李文绮,主治医师,0,常见的激光美容项目如激光祛斑、激光脱毛、激光祛痣、嫩肤治疗、祛纹身，以及皮肤方面常见疾病的诊疗
广州医科大学附属第一医院,激光专科(沿江),朱健**,主任医师,0,激光手术、激光针灸、激光理疗等。弱激光的临床应用，激光美容、激光手术、激光治疗各类型皮肤粘膜肿物、皮肤色素性，如太田痣等和有关性病、尖锐湿疣等。
广州医科大学附属第一医院,激光专科(沿江),曹浩财*,副主任医师,1,擅长激光手术、激光美容，如色素痣、鸡眼、疣、皮肤赘生物、老年斑、脱毛、嫩肤、祛除各种胎记、色斑、黄褐斑及文身。激光理疗：各种伤口、炎症、痛征等。  
广州医科大学附属第一医院,核医学专科(沿江),陈萍**,主任医师,0,擅长放射性同位素治疗骨转移瘤、血管瘤、131碘治疗甲亢、甲癌的诊断治疗。
广州医科大学附属第一医院,呼吸科(海印),李靖**,主任医师,0,呼吸内科教授，加拿大McMaster大学分子免疫学硕士。擅长慢性支气管炎、慢性阻塞性肺气肿、支气管扩张、支气管哮喘和过敏性鼻炎等病的治疗。  
广州医科大学附属第一医院,肺移植专科(沿江),肖东*,副主任医师,1,"从事临床胸外科多年，擅长气胸,肺不张,肺栓塞,肺转移瘤,胸腔积液,肺癌,纵膈肿瘤,胸腺瘤等的诊治。"
广州医科大学附属第一医院,肺移植专科(沿江),巨春蓉*,副主任医师,0,擅长慢性阻塞性肺疾病、支气管哮喘、支气管扩张、慢性咳嗽、肺部感染、间质性肺病等疾病的诊断治疗。  
广州医科大学附属第一医院,血液内科门诊(海印),黄振倩**,主任医师,1,各种恶性血液肿瘤的诊治，各种贫血及出血性疾病的诊治，各种实体肿瘤的化疗及综合治疗等，尤其骨髓移植富有经验
广州医科大学附属第一医院,放疗科门诊(海印),秦海燕,主治医师,0,擅长对恶性肿瘤的精确放射治疗。鼻咽癌、肺癌、乳腺癌、宫颈癌等常见肿瘤的诊断和治疗。
广州医科大学附属第一医院,肿瘤内科门诊(海印),李莹,主治医师,0,各种常见肿瘤的诊治吗，尤其肺癌、乳腺癌、鼻咽癌、食道癌、白血病、贫血疾病等疾病的诊治。
广州医科大学附属第一医院,肿瘤内科门诊(海印),张还珠**,主任医师,0,擅长肿瘤内科、血液科。擅长乳腺癌、肠癌、胃癌、鼻咽癌、淋巴瘤和其他恶性肿瘤的综合治疗及各种血液病的诊断、治疗。
广州医科大学附属第一医院,肿瘤内科门诊(海印),彭玉娜**,主任医师,0,各种肿瘤尤其肺癌、乳腺癌、胃癌、结肠癌、鼻咽癌、食道癌、淋巴瘤、白血病、贫血、出血性疾病等疾病的诊治
广州医科大学附属第一医院,专科(海印),专家*(海印),,-1,
广州医科大学附属第一医院,泌尿男性科(海印),赵志刚**,主任医师,1,擅长前列腺炎、前列腺增生症、前列腺癌的治疗，男性性功能障碍、男性不育症及性传播疾病的治疗等。
广州医科大学附属第一医院,心血管专科(海印),方惠仪**,主任医师,0,擅长高血压病、冠心病、血脂代谢异常、心肌炎、心肌病、心律失常、心力衰竭、心脑血管病及其他内科疾病的诊治。
广州医科大学附属第一医院,心血管专科(海印),邓志刚*,主治医师,1,"擅长高血压,冠心病,高血脂症,心肌缺血,心肌炎,心律失常,心绞痛的诊治。"
广州医科大学附属第一医院,肾内科门诊(海印),汪华林**,主任医师,1,"肾内科教授，主任医师，擅长急、慢性肾衰竭的防治，肾小球肾炎，急性肾小球肾炎,慢性肾小球肾炎，肾盂肾炎,肾病综合征的防治。"
广州医科大学附属第一医院,肾内科门诊(海印),肖洁**,主任医师,0,各种肾脏内科疾病包括肾小球疾病、尿路感染于急慢性肾功能不全的诊治及各种风湿内科疾病包括系统性红斑狼疮、类风湿关节炎、脊柱关节病与痛风等诊治
广州医科大学附属第一医院,心理咨询(海印),刘宝玉,主治医师,0,"擅长精神分裂症,强迫症,抑郁症,躁狂症,焦虑症,情感障碍,神经官能症, 睡眠障碍的诊治。"
广州医科大学附属第一医院,泌尿外科门诊(海印),钟文,主治医师,1,"擅长尿路感染,泌尿系结石,肾结石,前列腺炎,前列腺增生,包皮过长的诊治。"
广州医科大学附属第一医院,泌尿外科门诊(海印),张泽**,主任医师,1,"擅长泌尿系结石的预防、诊断和微创治疗，泌尿系结石,肾结石；泌尿外科疾病，尿路感染，前列腺炎,前列腺增生,包皮过长,龟头炎,精囊炎,阳痿早泄及微创腔镜治疗。"
广州医科大学附属第一医院,腹部外科门诊(海印),叶劲松,主治医师,1,"擅长急腹症,急性胆囊炎,急性胰腺炎,阑尾炎,腹膜炎,胃息肉,消化性溃疡穿孔,腹壁疝,肠梗阻,痔疮,便血,肛裂,肛窦炎,肛瘘,肛周脓肿的诊治。"
广州医科大学附属第一医院,肩关节专病门诊(沿江),李之琛,主治医师,1,"擅长股骨头坏死，骨关节炎,肩周炎，髋臼发育不良，骨折，创伤的诊治。"
广州医科大学附属第一医院,医学美容专科(沿江),侯春,主治医师,0,"从事整形外科工作,擅长微创吸脂,微创双眼皮,面部轮廓整形,玻尿酸微整形,注射除皱,隆鼻的诊治。"
广州医科大学附属第一医院,肛门直肠专科(沿江),柯传烽*,副主任医师,1,"擅长胃息肉,胃肠肿瘤,肠梗阻,痔疮,便血,肛裂,肛窦炎,肛瘘,肛周脓肿,肠息肉,直肠脱垂,直肠阴道瘘,直肠肛管畸形的诊治。"
广州医科大学附属第一医院,医学美容专科(沿江),冀航*,主治医师,1,从事临床整形工作，擅长吸脂、双眼皮、拉皮及隆鼻等美容外科手术。
广州医科大学附属第一医院,计划生育专科(沿江),宁映霞*,副主任医师,0,宫颈良、恶性疾病的诊断和治疗
广州医科大学附属第一医院,计划生育专科(沿江),陈培照,主治医师,0,宫颈病变，计划生育，围产咨询，宫颈炎，多囊卵巢综合征，阴道镜，先兆流产，子宫异常出血
广州医科大学附属第一医院,无创皮埋避孕专科门诊(沿江),陈日笑,主治医师,0,"擅长子宫肌瘤,子宫腺肌症,卵巢囊肿,优生优育诊治，避孕常见方法，无创皮埋避孕的指导。"
广州医科大学附属第一医院,妇科门诊(海印),杨婉颐,副主任医师,0,妇产科内分泌如月经失调、闭经、功能性子宫出血、围绝经期综合征及子宫内膜异位症及不孕不育方面的治疗
广州医科大学附属第一医院,中医乳腺专科(沿江),林晓明,主治医师,1,擅长用中医中药调理乳腺炎、乳腺癌术后调理、哺乳指导。
广州医科大学附属第一医院,耳鼻喉科门诊(海印),张明*,副主任医师,0,耳鼻咽喉常见疾病的诊治，变应性鼻炎、儿童鼾症、耳神经内科、喉显微外科、头颈肿瘤的诊断治疗。
广州医科大学附属第一医院,耳鼻喉科门诊(海印),黄曼霞,主治医师,0,"擅长急慢性中耳炎,慢性化脓性中耳炎,耳鸣,耳聋,鼻窦炎,急性鼻炎,慢性鼻炎,过敏性鼻炎,急性咽炎,慢性咽炎的诊治。"
广州医科大学附属第一医院,耳鼻喉科门诊(海印),钟刚毅*,副主任医师,1,擅长鼻内镜外科、耳显微外科、喉显微外科、耳聋眩晕等疑难杂症及鼻眼相关疾病的诊断治疗
广州医科大学附属第一医院,口腔科门诊(海印),程峰,主治医师,1,"从事口腔工作，擅长口臭,口腔溃疡,牙周炎,智齿冠周炎,口腔出血,拔牙,牙齿修复,龋齿的诊治。"
广州医科大学附属第一医院,口腔颌面肿瘤专科(沿江),张树标**,主任医师,1,擅长牙齿种植；腮腺、颌下腺、舌下腺疾患；口腔颌面部肿瘤；颜面颌骨外伤；颜面整形；睡眠呼吸暂停综合症。 
广州医科大学附属第一医院,康复科门诊(海印),谌凌燕,主治医师,0,在中医针灸、脊柱保健、小儿推拿有丰富的临床经验，临床专长：中风后遗症，颈椎病，腰椎间盘突出，膝关节炎，网球肘，肩周炎，头痛失眠，月经不调，面瘫，痛风等。
广州医科大学附属第一医院,康复科门诊(海印),尹伦辉**,主任医师,1,运用“龙氏治脊疗法”与中医针刺及理疗康复技术相结合治疗脊椎相关疾病、儿童脊源性疾病及中枢、周围神经疾病。如颈肩背腰腿痛诸症，颈腰椎间盘突出症，颈性眩晕、头痛、耳鸣、失眠，颈性高血压，脊椎扭伤，脊源性胸闷、心悸、背痛、痛经，肩周炎，网球肘，关节炎，中风后遗症，面瘫等疾患。尤其对儿童颈性眩晕、抽动症及眨眼症、儿童脊柱侧弯等疾病运用手法治疗效果显著。 
广州医科大学附属第一医院,康复科门诊(海印),何惠莲*,副主任医师,0,用“龙氏脊椎正骨手法”治疗因外伤、慢性劳损、骨质增生所引起的脊椎疾患，如颈椎病、肩周炎、腰腿痛、颈、腰椎间盘突出症，颈椎病引起的头晕、头痛、耳鸣等，以及颈胸椎关节错位造成的神经衰弱、心律不齐等。对全身大小关节疼痛及面瘫、神经损伤有独特疗效。 
广州医科大学附属第一医院,中医针灸(沿江),曹彩英*,副主任医师,1,运用针灸、药物穴注治疗痛症、高血压病、脑动脉硬化、脑萎缩、头痛、神经衰弱、中风偏瘫、面瘫、颈椎病、肩关节周围炎、腰膝关节病、胃脘痛、小儿弱智、小儿疳积。
广州医科大学附属第一医院,中医针灸(沿江),何颖,主治医师,0,"擅长用中药,针灸方法治疗颈椎病,腰椎间盘突出,肩周炎,腰肌劳损,失眠,肥胖症,心脑血管疾病,亚健康调理。"
广州医科大学附属第一医院,中医针灸(沿江),童娟**,主任医师,0,针灸治疗骨性关节炎、骨质疏松症、颈腰椎等脊柱关节病、腱鞘炎、及神经肌肉损伤性疾病，结合运动医学开展各类肌肉、骨骼及关节运运性损伤疾病及风湿系疾病如类风湿关节炎、强直性脊柱炎、痛风性关节炎等康复治疗。  
广州医科大学附属第一医院,中医针灸(沿江),陈建雄*,副主任医师,1,擅长针灸、推拿、埋线、浮针、小针刀等传统疗法治疗头痛、眩晕、风湿痛症等（包括颈、腰椎小关节及软组织损伤、神经痛、关节痛）；针药结合治疗高血压、慢性消化系统和呼吸系统疾病。 
广州医科大学附属第一医院,中医针灸(沿江),姚红**,主治医师,0,"擅长用中药,针灸诊疗颈椎病,腰椎间盘突出,肩周炎,失眠,肥胖症,心脑血管疾病,亚健康调理,中风康复。"
广州医科大学附属第一医院,中医针灸(沿江),张子谦*,副主任医师,1,专注于以非手术疗法，中西医结合治疗颈椎病、腰椎间盘突出症、肩周炎、网球肘、膝关节炎等关节痛症。
广州医科大学附属第一医院,脑中风专病门诊(沿江),杨志华**,主任医师,1,擅长脑血管疾病，各种头晕、头痛，帕金森病，神经系统感染，癫痫，脱髓鞘疾病，脊髓病，周围神经病，肌肉疾病及焦虑、失眠等症的诊治 
广州医科大学附属第一医院,脑中风专病门诊(沿江),李少明**,主任医师,1,擅长各种头晕、头痛、颈肩痛、手脚麻痹、无力等症状、各种脑血管疾病（脑中风）、帕金森病、癫痫等脑部疾病、脊髓病、周围神经病、肌肉疾病等。
广州医科大学附属第一医院,脑中风专病门诊(沿江),林念童**,主任医师,1,擅长重症脑血管意外、中风、脑炎、昏迷、肌无力瘫痪、癫痫和抽搐、急性头面痛等神经急危重症的监护和治疗。
广州医科大学附属第一医院,癫痫专病门诊(沿江),陈俐*,副主任医师,0,擅长各种成人和儿童癫痫的临床诊断，药物治疗，脑电图的阅图和诊断；难治性癫痫的手术前评估及手术治疗。
广州医科大学附属第一医院,小儿神经病专病门诊(沿江),陈俐*,副主任医师,0,各种成人和儿童癫痫的临床诊断，药物治疗，脑电图的阅图和诊断；难治性癫痫的手术前评估及手术治疗。
广州医科大学附属第一医院,痴呆专病门诊(沿江),徐评议,主任医师,1,擅长诊治帕金森病、肝豆状核变性、肌张力障碍疾病、血管性痴呆、老年性痴呆、小脑性共济失调、肌肉萎缩疾病、异染性白质脑病等神经系统的疑难杂症。
广州医科大学附属第一医院,头痛专病门诊(沿江),奉俊敏*,主治医师,0,"脑血管疾病，擅长脑动脉硬化,脑梗塞,脑出血,脑供血不足,脑萎缩,偏头痛,失眠,神经衰弱的诊治。"
广州医科大学附属第一医院,头痛专病门诊(沿江),徐评议**,主任医师,1,擅长诊治中枢神经变性病，遗传病等疑难杂症。对帕金森病，痴呆，肝豆状核变性等运动障碍病、以及头痛、脑血管病等有丰富临床诊治经验。
广州医科大学附属第一医院,头痛专病门诊(沿江),刘秦*,副主任医师,0,脑血管疾病、神经肌肉疾病、神经系统变性疾病、记忆障碍、癫痫等疾病的诊断治疗。
广州医科大学附属第一医院,记忆障碍专病门诊(沿江),吴宜娟*,主治医师,0,擅长老年痴呆，记忆力减退，抑郁症、焦虑症等的诊治。
广州医科大学附属第一医院,帕金森专病门诊(沿江),徐评议**,主任医师,1,擅长诊治帕金森病、肝豆状核变性、肌张力障碍疾病、血管性痴呆、老年性痴呆、小脑性共济失调、肌肉萎缩疾病、异染性白质脑病等神经系统的疑难杂症。	
广州医科大学附属第一医院,疼痛麻痹专病门诊(沿江),李少明**,主任医师,1,擅长各种头晕、头痛、颈肩痛、手脚麻痹、无力等症状、各种脑血管疾病（脑中风）、帕金森病、癫痫等脑部疾病、脊髓病、周围神经病、肌肉疾病等。
广州医科大学附属第一医院,中医妇科专科(沿江),李娟,主治医师,0,月经不调 先兆流产 不孕症
广州医科大学附属第一医院,遗传咨询门诊(沿江),何志晖**,,-1,
广州医科大学附属第一医院,小儿呼吸专科(沿江),吴上志,主治医师,1,"擅长支气管炎,小儿肺炎,高热惊厥,感冒,咳嗽,营养不良,腹泻,腹痛,呕吐,惊厥的诊治。"
广州医科大学附属第一医院,小儿呼吸专科(沿江),何振涛,主治医师,1,"擅长上呼吸道感染,支气管炎,小儿肺炎,小儿消化不良,营养不良,腹泻,腹痛,呕吐的诊治。"
广州医科大学附属第一医院,小儿呼吸专科(沿江),杨少灵,,-1,
广州医科大学附属第一医院,小儿呼吸专科(沿江),徐佳兴,,-1,
广州医科大学附属第一医院,儿科泌尿专病门诊(沿江),蔡勇*,,-1,
广州医科大学附属第一医院,儿科呼吸专病门诊(沿江),蓝淑玲*,,-1,
广州医科大学附属第一医院,儿科呼吸专病门诊(沿江),林育能*,,-1,
广州医科大学附属第一医院,儿科呼吸专病门诊(沿江),陈德晖**,,-1,
广州医科大学附属第一医院,儿科呼吸专病门诊(沿江),叶志英*,,-1,
广州医科大学附属第一医院,儿科呼吸专病门诊(沿江),湛洁谊**,,-1,
广州医科大学附属第一医院,儿科呼吸专病门诊(沿江),潘小安*,,-1,
广州医科大学附属第一医院,儿科呼吸专病门诊(沿江),黄穗**,,-1,
广州医科大学附属第一医院,儿科呼吸专病门诊(沿江),翟莺莺*,,-1,
广东省中医院二沙岛分院,二沙传统疗法,陈秀华,主任医师,0,中风偏瘫、咳喘、头痛失眠、腰腿痛、盆腔炎、月经病及过敏性疾病。
广东省中医院二沙岛分院,二沙传统疗法,冯健峰,医师,1,暂无
广东省中医院二沙岛分院,二沙传统疗法,黄冠明,医师,1,暂无
广东省中医院二沙岛分院,二沙传统疗法,李漾,副主任医师,0,广东省针灸学会董氏奇穴专业委员会副秘书长，耳穴专业委员会副主任委员，全国名老中医学术经验继承人。擅长：高血压，糖尿病，高脂血症，慢性胃肠炎，月经不调，不孕症等。
广东省中医院二沙岛分院,二沙传统疗法,米建平,主任医师,0,中风病、截瘫、妇科病、黄褐斑、痤疮。
广东省中医院二沙岛分院,二沙传统疗法,吴绍汉,主治医师,1,颈椎病、肩周炎、腰腿痛、腰椎间盘突出症、关节扭伤、骨质增生；颈腰亚健康防治。
广东省中医院二沙岛分院,二沙传统疗法,伍洲梁,主治医师,0,面瘫、中风偏瘫、颈肩腰腿痛、肥胖、带状疱疹遗留神经痛、失眠。
广东省中医院二沙岛分院,二沙传统疗法,余焯燊,医师,1,暂无
广东省中医院二沙岛分院,二沙二楼妇门,陈秋霞,主治医师,0,擅长不孕症、多囊卵巢综合征、先兆流产、子宫内膜异位症、更年期综合征、子宫肌瘤、卵巢囊肿、宫颈癌前病变及女性生殖道炎症等的中西医结合治疗；腹腔镜、宫腔镜等内窥镜手术。
广东省中医院二沙岛分院,二沙二楼妇门,陈玮,主治医师,0,擅长妇科炎症（阴道炎，宫颈炎，盆腔炎等），子宫肌瘤，输卵管性不孕，多囊卵巢综合征等疾病的中西医结合诊治。
广东省中医院二沙岛分院,二沙二楼妇门,成芳平,副主任医师,0,擅长中西医结合治疗内分泌失调（月经失调，多囊卵巢综合征，更年期综合征等）、妇科肿瘤、妇科炎症及妊娠相关疾病。及各类妇科肿瘤的腹式、阴式手术、宫腔镜及腹腔镜微创手术。
广东省中医院二沙岛分院,二沙二楼妇门,邓霭静,主治医师,0,擅长诊治妇科情志疾病、月经失调、不孕症、流产、子宫肌瘤、子宫内膜异位症及妇科常见病、多发病。
广东省中医院二沙岛分院,二沙二楼妇门,杜巧琳,副主任医师,0,擅长中西医结合治疗绝经相关疾病，月经失调，抑郁症，不孕症，痛经，盆腔炎性疾病；宫颈病变诊治及阴道镜检查。宫腔镜、腹腔镜等妇科微创手术。
广东省中医院二沙岛分院,二沙二楼妇门,冯大宁,主治医师,0,擅长中西医结合治疗子宫肌瘤、卵巢肿瘤等妇科肿瘤、绝经相关疾病、月经失调、不孕症、痛经、盆腔炎性疾病等。宫颈病变诊治及阴道镜检查。熟悉计划生育手术、附件手术、全子宫切除术、宫腔镜、腹腔镜检查等妇科常规手术。
广东省中医院二沙岛分院,二沙二楼妇门,何殷,副主任医师,0,擅长妇科炎症（阴道炎，宫颈炎，盆腔炎等），子宫肌瘤，输卵管性不孕，多囊卵巢综合征等疾病的中西医结合诊治。
广东省中医院二沙岛分院,二沙二楼妇门,黄健玲,主任医师,0,擅长中西医结合治疗急、慢性盆腔炎、盆腔炎症包块、输卵管阻塞性不孕、子宫内膜异位症、妇科肿瘤等疾病。各种妇科腹式及阴式手术，腹腔镜、宫腔镜手术等。
广东省中医院二沙岛分院,二沙二楼乳腺,郭莉,副主任医师,0,乳腺增生病、乳腺炎性疾病、乳腺良性肿瘤的中西医结合诊断和治疗，乳腺恶性肿瘤诊断及综合治疗；乳腺良性疾病的手术治疗，乳腺疾病情志疏导治疗。
广东省中医院二沙岛分院,二沙二楼乳腺,洪宋贞,副主任医师,0,中西医结合治疗乳腺增生、乳腺炎、乳腺癌等乳腺疾病。
广东省中医院二沙岛分院,二沙二楼乳腺,林毅,教授,0,乳腺疾病，尤其是乳腺增生性疾病及良、恶性肿瘤等疑难杂病的诊治。
广东省中医院二沙岛分院,二沙二楼乳腺,司徒红林,主任医师,0,肿瘤性、增生性、炎性等乳腺疾病的中西医结合诊疗。熟练掌握乳腺肿块麦默通微创手术、超细纤维乳管内视镜等诊疗技术。
广东省中医院二沙岛分院,二沙二楼乳腺,吴彦岚,医师,0,暂无
广东省中医院二沙岛分院,二沙二楼乳腺,张孝娟,主任医师,0,乳腺疾病情志疏导工作、音乐及气功导引疗法等。
广东省中医院二沙岛分院,二沙二楼乳腺,赵虹,副主任医师,0,乳腺增生病、乳腺炎、乳腺癌及与内分泌失调相关乳腺纤维癌、子宫肌瘤、卵巢囊肿、面部黄褐斑等病。
广东省中医院二沙岛分院,二沙二楼乳腺,周劬志,副主任医师,1,乳腺癌癌前病变及乳腺癌复发转移的干预治疗和调养；乳腺癌术后、化疗、放疗等不良反应的综合治疗和调养；乳房疾病常见致病因素（如内分泌紊乱、抑郁焦虑、失眠、便秘等）的干预治疗和调养。擅于乳腺常见病和疑难病，如急性乳腺炎、乳腺导管扩张症、乳腺溢液
广东省中医院二沙岛分院,二沙三楼耳鼻喉门诊,陈彩凤,主治医师,0,各种耳鼻咽喉科疾病的诊治，如各种急慢性咽喉炎，扁桃体炎、鼻炎、耳鸣耳聋以及喉癌、鼻咽癌等。
广东省中医院二沙岛分院,二沙三楼耳鼻喉门诊,陈海,副主任医师,0,声嘶、咽炎、鼻炎等各种耳鼻喉科疾病。
广东省中医院二沙岛分院,二沙三楼耳鼻喉门诊,李云英,主任医师,0,鼻炎、咽喉炎、声嘶、耳鸣耳聋、眩晕、鼻咽癌、喉癌等耳鼻喉科常见疑难病症的诊治。
广东省中医院二沙岛分院,二沙三楼耳鼻喉门诊,廖月红,主任医师,0,耳鼻咽喉科各种常见疾病及危急疑难疾病，尤其是急性炎症、过敏性疾病、耳鸣、耳聋、眩晕等的诊治。
广东省中医院二沙岛分院,二沙三楼耳鼻喉门诊,邹浩波,主治医师,1,各种耳鼻咽喉科疾病的诊治，如各种急慢性咽喉炎，扁桃体炎、鼻炎、耳鸣耳聋以及喉癌、鼻咽癌等。
广东省中医院二沙岛分院,二沙三楼耳鼻喉门诊,伍映芳,主治医师,0,
广东省中医院二沙岛分院,二沙三楼耳鼻喉门诊,王露,医师,1,
广东省中医院二沙岛分院,二沙三楼耳鼻喉门诊,李兰芳,主治医师,0,
广东省中医院二沙岛分院,二沙三楼口腔,林茜,副主任医师,0,"擅长口腔各类义齿修复（活动修复，固定修复，全口义齿，前牙美容义齿修复等），牙体牙髓病（如补牙,龋齿等），牙周病，口腔粘膜病。"
广东省中医院二沙岛分院,二沙三楼口腔,毛姣姣,住院医师,0,"擅长牙体牙髓病(补牙,龋齿,根管治疗,牙髓病)、根尖周病、儿童牙病，牙周病等。"
广东省中医院二沙岛分院,二沙三楼口腔,李启梦,住院医师,0,"擅长口腔常见病、多发病的诊治，牙体疾病，牙髓病及根尖周病的诊疗，如补牙,龋齿,牙髓病,急性牙髓炎,急性根周炎等，各类复杂牙拔除术等。"
广东省中医院二沙岛分院,二沙三楼口腔,许国雄,副主任医师,1,擅长颌面部肿瘤，外伤，各类复杂牙拔除，牙体牙髓病诊治，牙齿美容修复等。
广东省中医院二沙岛分院,二沙三楼泌外.男科,陈志强,主任医师,1,泌尿外科、男科病的中西医结合临床诊治，尤其对前列腺病及男性不育症等疑难病症有较深入的研究。
广东省中医院二沙岛分院,二沙三楼泌外.男科,古炽明,副主任医师,1,泌尿外科、男科疾病的中西医结合诊治及泌尿外科腔镜微创技术诊治，特别是泌尿系结石、前列腺疾病、泌尿系肿瘤的微创腔镜诊治。在泌尿系结石、前列腺癌、男性不育、性功能障碍中西医结合诊治方面具有一定经验。
广东省中医院二沙岛分院,二沙三楼泌外.男科,桂泽红,副主任医师,1,中西医结合治疗泌尿男科，前列腺疾病，尿石症、男科疾病（早泄、不育），及普通外科疾病。
广东省中医院二沙岛分院,二沙三楼泌外.男科,雷振华,医师,1,不育症、前列腺疾病、性功能障碍、早泄等男科疾病，以及泌尿系疾病（如泌尿系结石、肿瘤、膀胱膀胱过度活动症等）的中西医结合诊治及泌尿外科腔镜微创诊疗技术.
广东省中医院二沙岛分院,二沙三楼泌外.男科,李源,医师,1,泌尿男科疾病的临床诊疗，特别是泌尿系结石，前列腺疾病，下尿路疾病，男性不育的中西结合诊疗及泌尿腔镜微创诊治技术。
广东省中医院二沙岛分院,二沙三楼泌外.男科,林兆丰,副主任医师,1,中西医结合男科，尤其是男性不育、前列腺疾病，泌尿系结石等方面有较深入的研究。
广东省中医院二沙岛分院,二沙三楼泌外.男科,吕立国,主治医师,1,前列腺疾病、不育症、育前保健、男科疾病、泌尿系结合、肿瘤等中西结合诊治及泌尿外科腔镜微创诊疗技术；尤其擅于中西医结合综合治疗前列腺炎、不育症、男性功能疾病、晚期前列腺癌、泌尿结石。
广东省中医院二沙岛分院,二沙三楼泌外.男科,王树声,主任医师,1,泌尿外科男科、普外科疑难杂症的中西医结合诊疗。特别是复杂尿路结石，前列腺疾病的现代中医治疗及各种腔镜微创手术的治疗。
广东省中医院二沙岛分院,二沙三楼内门,毕良妍,主治医师,0,暂无
广东省中医院二沙岛分院,二沙三楼内门,蔡书宾,医师,1,暂无
广东省中医院二沙岛分院,二沙三楼内门,柴小姝,副主任医师,0,暂无
广东省中医院二沙岛分院,二沙三楼内门,陈慧贞,主任医师,0,暂无
广东省中医院二沙岛分院,二沙三楼内门,陈洁真,主治医师,0,病毒性肝炎、脂肪肝、酒精性肝病、肝纤维化、肝硬化等疾病的诊治。
广东省中医院二沙岛分院,二沙三楼内门,陈培琼,主任医师,0,中医药、中西医结合诊治内科疾病，尤其擅长于胃、食道炎、消化性溃疡、结肠炎、肝炎、肝硬化、脂肪肝、胰腺炎、胆石症等肝胆消化系统疾病以及消化内镜的诊疗技术。
广东省中医院二沙岛分院,二沙三楼内门,储永良,主治医师,1,内科常见病、血液病及疑难杂症的诊治;如贫血出血、四季感冒、发热咳喘、胃痛便秘、失眠多梦、高血脂、高血尿酸等。
广东省中医院二沙岛分院,二沙三楼内门,冯健峰,医师,1,暂无
广东省中医院二沙岛分院,二沙三楼皮门,陈修漾,副主任医师,0,脱发、痤疮、湿疹、荨麻疹、银屑病、非淋菌性尿道炎等常见皮肤病。
广东省中医院二沙岛分院,二沙三楼皮门,范瑞强,主任医师,1,痤疮、皮肤真菌病、性病、红斑狼疮、湿疹等常见和疑难皮肤病。
广东省中医院二沙岛分院,二沙三楼皮门,黄咏菁,主任医师,0,治疗红斑狼疮、湿疹、痤疮、荨麻疹、脱发病及各种激光治疗色素性血管性皮肤病。
广东省中医院二沙岛分院,二沙三楼皮门,刘炽,主治医师,1,皮肤科常见病、多发病的诊治，尤其是湿疹、荨麻疹等变态反应性皮肤病的中西医结合诊治
广东省中医院二沙岛分院,二沙三楼皮门,刘维,副主任医师,0,中西医结合诊治湿疹、脱发病、银屑病、带状疱疹、丹毒、天疱疮、真菌病、性病等常见皮肤病。
广东省中医院二沙岛分院,二沙三楼皮门,谢婷,医师,0,体股癣、手足癣等真菌性皮肤病，痤疮、湿疹、荨麻诊、疱病、性病、体表肿物等常见皮肤病的诊治。
广东省中医院二沙岛分院,二沙三楼皮门,姚丹霓,主治医师,0,皮肤病常见病、多发病的中西医治疗，尤其是银屑病，带状疱疹，痤疮，荨麻疹，湿疹等。
广东省中医院二沙岛分院,二沙三楼皮门,韩珊珊,医师,0,
广东省中医院二沙岛分院,二沙三楼特诊,陈秋雄,医师,1,暂无
广东省中医院二沙岛分院,二沙三楼特诊,邓晋丰,教授,1,颈椎病、腰椎病、骨与关节退行性变的中西医结合治疗；高难创伤骨折、脱位、颈、腰腿痛、骨关节病、人工关节。
广东省中医院二沙岛分院,二沙三楼特诊,禤国维,教授,1,脱发病、痤疮、荨麻疹、红斑狼疮等结缔组织皮肤病和其他疑难皮肤病。
广东省中医院二沙岛分院,二沙三楼特诊,葛志红,主任医师,0,中西医结合诊治内科杂病，擅于各类贫血、出血性疾患，糖尿病、甲亢、胃肠道疾患、高血压、淋巴瘤及恶性肿瘤的诊治。
广东省中医院二沙岛分院,二沙三楼特诊,韩富,主任医师,1,韩富：教授.重型型脑损伤抢救、脑肿瘤、脑血管病（脑出血、脑血栓脑动脉瘤）先天性畸形（脑积水）脊髓肿瘤的诊断及手术治疗.
广东省中医院二沙岛分院,二沙三楼特诊,黄春林,教授,1,心肾疾病、肠胃疾病的临床治疗与养生保健。
广东省中医院二沙岛分院,二沙三楼特诊,黄清春,主任医师,1,风湿性疾病的诊治，如强直性脊柱炎、类风湿关节炎、系统性红斑狼疮、痛风、腰椎间盘突出症、干燥综合症、皮肌炎等中西医结合治疗。
广东省中医院二沙岛分院,二沙三楼特诊,黄穗平,主任医师,1,胃、肠、肝、胆等消化系统的中医、中西医结合诊治预防保健、养生调理。
广东省中医院二沙岛分院,二沙三楼推拿,李远明,主治医师,1,治疗腰腿痛、颈椎病、肩周炎、落枕、骨质增生
广东省中医院二沙岛分院,二沙三楼推拿,俞乐,副主任医师,1,脊柱及相关疾病、膝关节炎、踝扭伤、跟痛症等骨伤科疾病的治疗。
广东省中医院二沙岛分院,二沙三楼心理睡眠专科,徐碧云,主治医师,0,采用中西医结合诊治各种失眠症、抑郁症、躁狂发作、焦虑症、恐惧症、精神分裂症精神心理疾病。心理治疗方法采用认知行为疗法、精神分析、意象对话以及人本主义疗法.
广东省中医院二沙岛分院,二沙三楼心理睡眠专科,周雯,主治医师,0,采用中西医结合诊治各种失眠症、睡眠呼吸暂停综合症、发作性睡病、抑郁症、双相情感障碍、焦虑症、恐惧症、精神分裂症等精神心理疾病。心理治疗方法采用认知行为疗法、精神分析以及人本主义疗法处理家庭关系、人际交往、个人成长、神经症等各类精神心理疾患。
广东省中医院二沙岛分院,二沙三楼心理睡眠专科,曾慧梅,医师,0,擅长：中西医结合对各种睡眠障碍、焦虑症、抑郁症等精神心理障碍的诊治。同时擅长儿童、青少年成长问题，亲子关系问题、人际关系问题等精神心理障碍的咨询与治疗。
广东省中医院二沙岛分院,二沙三楼心理睡眠专科,芦环玉,医师,0,暂无
广东省中医院二沙岛分院,二沙三楼心脏门诊,迟东升,主任医师,1,冠心病、高血压病、心衰、心律失常的诊断和治疗，冠心病介入治疗，心律失常射频消融治疗。
广东省中医院二沙岛分院,二沙三楼心脏门诊,何志凌,主治医师,1,暂无
广东省中医院二沙岛分院,二沙三楼心脏门诊,金卓祥,副主任医师,1,心血管疾病的诊治。
广东省中医院二沙岛分院,二沙三楼心脏门诊,李晓庆,副主任医师,0,高血压病、冠心病、慢性心力衰竭、心律失常等常见心血管疾病的中西医诊治，尤擅于冠心病的心脾证治与高血压病、心衰的中西医慢性病管理。
广东省中医院二沙岛分院,二沙三楼心脏门诊,李新梅,副主任医师,0,高血压病、冠心病、心律失常、心力衰竭、心肌炎等心血管内科疾病的诊治，心血管疾病的介入性诊疗。
广东省中医院二沙岛分院,二沙三楼心脏门诊,林宇,主任医师,1,冠心病、瓣膜病、先天性心脏病、大血管病和肺癌、食管癌、支气管扩张、 支气管扩张，纵隔肿瘤肺气肿肺减容手术的手术治疗及漏半胸微创矫形等。胸心外科中西医结合围手术期处理。
广东省中医院二沙岛分院,二沙三楼心脏门诊,王侠,主任医师,0,冠心病、高血压、心力衰竭等危重症的中医及中西医诊断及治疗，并擅于冠心病的介入治疗。
广东省中医院二沙岛分院,二沙三楼心脏门诊,王云飞,主任医师,1,中西药、腹针、饮食疗法等调治高血压、高脂血症、糖尿病、心律失常、失眠、焦虑症、亚健康疲劳状态和调整体质。
广东省中医院二沙岛分院,二沙三楼眼门,涂良钰,主任医师/教授,1,白内障、青光眼、眼底出血、黄斑病、儿童散光、弱视、近视、远视、斜视、飞蚊症、流泪症、麦粒肿、葡萄膜炎、视网膜色素变性、视神经萎缩、高血压及糖尿病眼病等疑难眼病的中西医结合诊治。
广东省中医院二沙岛分院,二沙三楼眼门,王燕,主治医师,0,白内障超声乳化联合人工晶体植入术、眼部整形美容手术及抗青光眼手术。可熟练开展白内障超声乳化吸出术、上睑下垂矫正术、眼睑肿瘤切除、青光眼滤过手术等。对眼底病的荧光造影技术、眼底病的中西医结合诊治诊治也有较丰富的经验。
广东省中医院二沙岛分院,二沙三楼眼门,邓飞雁,主治医师,0,各种眼科常见病、多发病的诊断及治疗，擅长运用针灸治疗各种眼科疾病。
广东省中医院二沙岛分院,二沙三楼眼门,梅昌娲,医师,0,
广东省中医院二沙岛分院,二沙三楼眼门,钟雯,主治医师,0,
广东省中医院二沙岛分院,二沙三楼眼门,王璐,医师,0,
广东省中医院二沙岛分院,二沙三楼眼门,袁远,,1,
广东省中医院二沙岛分院,二沙三楼眼门,林斌武,,1,
广东省中医院二沙岛分院,二沙一楼儿门,杜淑娟,主任医师,0,癫痫、小儿多动症、抽动--秽语综合症等神经系统疾病、支气管炎、支气管肺炎、哮喘等疾病的诊治。
广东省中医院二沙岛分院,二沙一楼儿门,李彦昕,主治医师,0,擅长中西医结合治疗儿科常见病、多发病；尤其呼吸系统、消化系统疾病。
广东省中医院二沙岛分院,二沙一楼儿门,廖若莎,主任医师,0,小儿先天心、风湿热、心肌炎等的血管疾病；熟悉中西医诊治方法，擅于运用中西医结合诊治小儿多发病、常见病，如外感发热、咳嗽、腹泻、厌食、便秘等。
广东省中医院二沙岛分院,二沙一楼儿门,林季文,主任医师,1,擅长小儿久咳、哮喘、发热等疑难杂病的诊治。
广东省中医院二沙岛分院,二沙一楼儿门,吴伟霞,主治医师,0,中西医结合治疗儿科常见病、多发病；尤其呼吸系统、消化系统疾病。
广东省中医院二沙岛分院,二沙一楼儿门,陈茵,主任医师,0,在小儿血液病、脾虚证等领域有深入研究和体会。擅长小儿贫血、出血性疾病、咳嗽、肺炎、哮喘、腹泻、肾病及小儿疑难杂病的诊治。
广东省中医院二沙岛分院,二沙一楼儿门,黄腾,副主任医师,1,中西医结合治疗小儿过敏性咳嗽、哮喘、过敏性鼻炎、泄泻、虚汗症等疾病。中西医结合治疗儿科常见病、多发病。
广东省中医院二沙岛分院,二沙一楼儿门,杨晓,主治医师,1,儿科常见病多发病的诊治：如急性上呼吸道感染、气管炎、哮喘、腹泻、脾虚综合征、便秘等。
广东省中医院二沙岛分院,二沙一楼肛肠门诊,冯艳,副主任医师,0,痔病、肛裂、肛周脓肿、肛瘘、便秘等大肠肛门疾病的诊治。
广东省中医院二沙岛分院,二沙一楼肛肠门诊,罗湛滨,副主任医师,1,痔病、肛裂、肛瘘、直肠脱垂等肛管良性疾病的诊治，善于运用中西医结合疗法治疗大肠肿瘤、顽固性便秘、炎症性肠等大肠肛门疑难疾病，熟练运用内窥镜诊治肛肠疾患.
广东省中医院二沙岛分院,二沙一楼肛肠门诊,谭康联,主治医师,1,结直肠肿瘤、炎性肠病、便秘及肛门良性疾病如痔、肛瘘、肛裂等的中西医诊断、治疗和基础研究;尤其擅长PPH手术治疗重度脱垂性内痔和混合痔、结直肠肿瘤术后生存质量评估及健康调养。
广东省中医院二沙岛分院,二沙一楼肛肠门诊,王新民,主治医师,1,痔病、肛裂、肛周脓肿、肛瘘、大肠肿瘤、炎性肠病、便秘等大肠肛门疾病的诊治。善于运用中医药疗法和针灸疗法治疗大肠肛门疑难疾病，熟练运用内窥镜诊治大肠疾病。
广东省中医院二沙岛分院,二沙一楼肛肠门诊,张思奋,主任医师,1,
广东省中医院二沙岛分院,二沙一楼肛肠门诊,吴文江,副主任医师,1,
广东省中医院二沙岛分院,二沙一楼肛肠门诊,王浩,医师,1,
广东省中医院二沙岛分院,二沙一楼肛肠门诊,盖娟娟,医师,0,擅长：痔、肛瘘、肛裂、肛周脓肿、大肠肿瘤及便秘等大肠肛门疾病的诊治。
广东省中医院二沙岛分院,二沙一楼骨门,程志安,主任医师,1,擅长脊柱疾病、老年性骨关节疾病与骨质疏松症、小儿先天性畸形（先天性马蹄内翻足、斜颈以及髋臼发育不良）、各种创伤、骨折、以及骨肿瘤的手术治疗。对脊柱、老年性骨关节疾病与骨质疏松症、复杂创伤、骨折、颈肩腰腿疼痛的中西医结合治疗具有较深的造诣。
广东省中医院二沙岛分院,二沙一楼骨门,黄江发,主治医师,1,暂无
广东省中医院二沙岛分院,二沙一楼骨门,梁志强,副主任医师,1,擅长各种良、恶性骨与软组织肿瘤。使用中西医结合的方法治疗膝关节炎、颈椎病、腰椎间盘突出症、骨质增生、骨质疏松等骨关节疾病。各种严重骨折、筋伤、各类风湿骨痛如痛风性关节炎，强直性脊柱炎，类风湿性关节炎等。
广东省中医院二沙岛分院,二沙一楼骨门,刘金文,教授,1,股骨头坏死、人工关节置换、翻修、创伤、颈肩腰腿痛、骨关节病、骨感染、骨结核、骨关节肿瘤、老年性骨质疏松等疾病的诊治
广东省中医院二沙岛分院,二沙一楼骨门,刘岩,主治医师,1,暂无
广东省中医院二沙岛分院,二沙一楼骨门,卢颂华,医师,1,暂无
广东省中医院二沙岛分院,二沙一楼骨门,罗斌,医师,1,暂无
广东省中医院二沙岛分院,二沙一楼骨门,许树柴,主任医师,1,擅长各种严重的创伤骨折的中西医结合治疗；膝关节半月板损伤的关节镜手术 、交叉韧带关节镜下重建手术；骨关节软骨缺损的修复；骨折脱位的中西医结合治疗；小儿骨折；腰椎间盘突出症，腰椎滑脱症的中西医结合治疗；股骨头坏死的保髋治疗 膝关节骨关节炎晚期的关节置换手术 特别是髋、膝人工关节返修手术。
广东省中医院二沙岛分院,二沙一楼理疗,姜桂美,主任医师,0,肩周炎、腰腿痛、颈椎病、妇科病、内分泌失调等
广东省中医院二沙岛分院,二沙一楼理疗,叶嵘,主治医师,1,肩周炎、腰腿痛、颈椎病、妇科病、内分泌失调等
广东省中医院二沙岛分院,二沙一楼理疗,朱凤贤,副主任,0,暂无
广东省中医院二沙岛分院,二沙一楼理疗,袁旺贵,医师,1,
广东省中医院二沙岛分院,二沙一楼外门,彭棣华,主治医师,1,泌尿系结石、感染、前列腺疾病、男性生殖系统疾病。
广东省中医院二沙岛分院,二沙一楼针门,符文彬,主任医师,1,颈腰腿痛及痛风性关节炎、中风、帕金森氏病、抑郁症、焦虑症。
广东省中医院二沙岛分院,二沙一楼针门,李建强,副主任医师,1,中风病以及其他原因引起的偏瘫、痛症、减肥、痤疮、男性不育症。
广东省中医院二沙岛分院,二沙一楼针门,王谦,主治医师,0,针刺结合药物敷贴治疗各种痛症（颈肩腰腿痛）及鼻炎、咳嗽等呼吸系统疾病、失眠、中风病等。
广东省中医院二沙岛分院,二沙一楼针门,袁坚荣,副主任医师,1,中风病、面瘫、头痛、肩颈痛、腰腿痛。
广东省中医院二沙岛分院,二沙一楼针门,文幸,主治医师,0,
广东省中医院二沙岛分院,调经种子专科,黎小斌,主任医师,0,擅长妇科内分泌疾病、不孕症、月经失调等疾病诊治，熟练掌握妇科的各种腹式及阴式手术，及妇科恶性肿瘤的广泛全宫切除术、盆淋巴清扫术，宫腔镜手术、腹腔镜手术等。
广东省中医院二沙岛分院,调经种子专科,梁洁莎,主治医师,0,擅长中西医结合治疗不孕症、多囊卵巢综合症、妇科肿瘤、妇科炎症等妇科常见疾病。熟悉计划生育手术、附件手术、全子宫切除术、宫腔镜、腹腔镜检查等妇科常规手术。
广东省中医院二沙岛分院,调经种子专科,杨洪艳,主任医师,0,擅长用六经辨证治疗妇科疑难病（不孕不育症、多囊卵巢综合征、卵巢早衰、异常子宫出血、子宫内膜异位症以及绝经相关疾病等）。
广东省中医院二沙岛分院,呼吸专科,蔡书宾,医师,1,
广东省中医院二沙岛分院,呼吸专科,韩云,主任医师,1,擅长：呼吸系统疾病：感冒，急性气管-支气管炎，肺部感染、支气管哮喘、慢性阻塞性肺病（COPD）、慢性肺源性心脏病、气胸、呼吸衰竭等，熟练掌握纤维支气管镜及危重症监护技术。
广东省中医院二沙岛分院,心理睡眠专科,孙录,主任医师,1,
广东省中医院二沙岛分院,心理睡眠专科,杨志敏,主任医师,0,
广东省中医院二沙岛分院,心理睡眠专科,周雯,主治医师,0,
广东省中医院二沙岛分院,心理睡眠专科,芦环玉,主治医师,0,
广东省中医院二沙岛分院,心理睡眠专科,李艳,主任医师,0,"擅长：亚健康心理、睡眠失调的治疗。运用中医五情生克理论结合心理干预及药物调整心理、心理干预情感障碍,进食障碍,恐怖症,失眠症,睡眠呼吸暂停综合症等睡眠障碍。"
广东省中医院芳村分院,芳村二楼按 摩,林伟锋,主治医师,1,治疗头痛、头晕、失眠、腰腿痛、腰椎间盘突出症，颈椎病、肩周炎、落枕、骨质增生症、急性腰腿扭伤、坐骨神经痛，中风后遗症。
广东省中医院芳村分院,芳村二楼按 摩,钟胜,医师,1,颈肩腰腿痛、颈源性头痛、急慢性腰扭伤、关节扭伤、脊柱小关节紊乱、骨质增生性相关疾病等骨伤科疾病。
广东省中医院芳村分院,芳村二楼按 摩,蓝石坚,医师,1,
广东省中医院芳村分院,芳村二楼按 摩,黄国钦,医师,1,
广东省中医院芳村分院,芳村二楼肛肠,何晶,主治医师,1,擅长痔、肛瘘、肛裂、肛周脓肿等肛门疾病及其手术后并发症的中西医治疗；中西医结合治疗顽固性便秘以及肛门瘙痒症；炎症性肠病的诊断和治疗。
广东省中医院芳村分院,芳村二楼肛肠,郑镇木,副主任医师,1,擅长结直肠肿瘤，结直肠创伤、痔疮、肛裂、肛瘘、炎症性肠病、便秘等大肠肛门疾病的诊治。
广东省中医院芳村分院,芳村二楼肛肠,吴文江,副主任医师,1,擅长：痔病、肛裂、肛瘘、脱肛、大肠肿瘤、便秘等大肠肛门疾病的诊治，熟练运用内窥镜诊治消化系统疾病。
广东省中医院芳村分院,芳村二楼肛肠,姚劲斌,主治医师,1,擅长：肛肠科常见病、多发病、疑难病的诊疗具有丰富的临床经验。擅长采用中西医结合的方法治疗各种内痔、外痔、混合痔、肛瘘、肛裂、脱肛、肛乳头肥大、肛管狭窄、慢性结肠炎、肠癌、便秘等疾病。尤其是微创技术如PPH、腹腔镜治疗混合痔、大肠癌等。
广东省中医院芳村分院,芳村二楼骨门,陈文治,主任医师,1,擅长中西医结合治疗脊柱疾病，各类创伤性骨折及关节疾病；髋关节病、脊柱疾病；颈腰椎疾病、关节退行性疾病、各种复杂骨折、创伤重症等。
广东省中医院芳村分院,芳村二楼骨门,邓晓强,主治医师,1, 擅长： 颈椎病、腰椎间盘突出、腰椎椎管狭窄、腰腿痛、创伤骨折、脊柱疾病、创伤性骨折、关节病、髋关节病、颈腰椎疾病、关节退行性疾病、复杂骨折、骨创伤重症 
广东省中医院芳村分院,芳村二楼骨门,葛鸿庆,副主任医师,1,中西医结合治疗四肢、关节周围复杂骨折、脱位、骨折不愈合，骨折术后感染及假体周围骨折，骨与关节的退行性疾病等。
广东省中医院芳村分院,芳村二楼骨门,梁力宇,主治医师,1,各种骨折、脱位，颈椎病，腰腿痛的治疗，对痛风，类风湿性关节炎，膝关节退变，骨质疏松症的治疗有独到的心得。
广东省中医院芳村分院,芳村二楼骨门,王慧敏,主任医师,1,擅长颈腰椎退变、上颈椎疾病患、脊柱及四肢畸形矫形、骨关节病等的中西医结合诊治。
广东省中医院芳村分院,芳村二楼骨门,王君鳌,副主任医师,1,骨科常见病、多发病的中医综合治疗，尤其擅长骨与关节退行性变的诊治；肩、膝关节运动损伤，交叉韧带损伤等的关节镜微创治疗；颈椎病、腰腿病、腰椎骨折、骨质疏松、椎间盘突出、创伤、骨折、关节脱位等中医手法和手术治疗；神经、血管损伤的显微外科治疗。
广东省中医院芳村分院,芳村二楼骨门,吴树旭,医师,1,脊柱退行性疾病（颈椎病、腰椎间盘突出症、腰椎管狭窄）等中西医诊治。
广东省中医院芳村分院,芳村二楼骨门,余宇峰,副主任医师,1,创伤、复杂的关节内骨折、颈肩腰腿痛、骨关节病、骨关节肿瘤、老年性骨质疏松等疾病的诊治。
广东省中医院芳村分院,芳村二楼内门,蔡高术,主治医师,1,病毒性肝炎、脂肪肝、酒精性肝病、肝纤维化、肝硬化等疾病的诊治。
广东省中医院芳村分院,芳村二楼内门,陈党红,副主任医师,0,擅长急性脑血管意外（脑梗塞、脑出血）、眩晕、各种急慢性心功能不全、慢性阻塞性肺病、急性消化道出血等常见急危重症的中药、针、灸主导的中西综合救治；各类脑血管病、头痛、失眠、神经系统疑难杂症、运动神经元病、中风后遗症、睡眠呼吸障碍、风湿类风湿性疾病、痛风、2型糖尿病、消化系统疾病及高血压等常见病的中医药治疗；各种原因的发热、咳嗽、汗症、便秘及时行疾病、疑难病的中医药调治。
广东省中医院芳村分院,芳村二楼内门,陈洁真,主治医师,0,病毒性肝炎、脂肪肝、酒精性肝病、肝纤维化、肝硬化等疾病的诊治。
广东省中医院芳村分院,芳村二楼内门,陈力,主治医师,1,冠心病、高血压、心肌病、心力衰竭、心律失常等疾病的中西医诊断和治疗。
广东省中医院芳村分院,芳村二楼内门,陈培琼,主任医师,0,中医药、中西医结合诊治内科疾病，尤其擅长于胃、食道炎、消化性溃疡、结肠炎、肝炎、肝硬化、脂肪肝、胰腺炎、胆石症等肝胆消化系统疾病以及消化内镜的诊疗技术。
广东省中医院芳村分院,芳村二楼内门,邓宏,主任医师,1,各种肿瘤及内科疑难杂症的中、西医结合治疗。对肺癌、肝癌、乳腺癌、胃癌、肠癌、恶性淋巴瘤、食管癌、宫颈癌、鼻咽癌及各种肿瘤急症等有较丰富的治疗经验。尤其擅于以中医药疗法改善中晚期恶性肿瘤的生活质量，并延长生存期。
广东省中医院芳村分院,芳村二楼内门,杜炯栋,医师,1,
广东省中医院芳村分院,芳村二楼内门,冯蓓,副主任医师,0,擅长感冒、咳嗽、胃肠失调、失眠、头痛、眩晕及虚证等内科杂症。
广东省中医院芳村分院,芳村二楼外门,蔡北源,副主任医师,1,普外科如：肝胆胰、胃结肠、肛门部、甲状腺等良性疾病中西医结合诊治。
广东省中医院芳村分院,芳村二楼外门,陈记财,主治医师,1,严重胸部创伤的救治，胸外科各类疾病诊治，手术治疗，如：肺癌、食管癌、肺大泡及各类纵隔肿瘤的切除，以及胸部手术期的中医治疗与调理等。
广东省中医院芳村分院,芳村二楼外门,陈经宝,主治医师,1,普通外科疾病，尤其是胃肠、肝胆、肛门疾病的中西医诊治及微创治疗。
广东省中医院芳村分院,芳村二楼外门,桂泽红,副主任医师,1,中西医结合治疗泌尿男科，前列腺疾病，尿石症、男科疾病（早泄、不育），及普通外科疾病。
广东省中医院芳村分院,芳村二楼外门,黄涛,副主任医师,1,颅脑肿瘤、癫痫、脑血管畸形及疼痛等的诊断及显微外科手术治疗，重型颅脑外伤、脑血管疾病、脊髓先天畸形的诊断及手术治疗。脑肿瘤、癫痫、脑外伤及脑卒中（出血/梗塞）的中西医结合治疗及康复治疗。
广东省中医院芳村分院,芳村二楼外门,雷振华,医师,1,不育症、前列腺疾病、性功能障碍、早泄等男科疾病，以及泌尿系疾病（如泌尿系结石、肿瘤、膀胱膀胱过度活动症等）的中西医结合诊治及泌尿外科腔镜微创诊疗技术.
广东省中医院芳村分院,芳村二楼外门,林展宏,住院医师,1,擅长胃肠外科常见病额诊疗，尤其是胃癌，肠癌等肿瘤
广东省中医院芳村分院,芳村二楼外门,龙洁儿,医师,0,
